time,open,high,low,close,tick_volume,spread,real_volume
2026-04-24 04:30:00,4698.49,4702.42,4690.5,4690.95,11064,5,0
2026-04-24 04:45:00,4690.96,4700.79,4690.43,4699.56,7268,5,0
2026-04-24 05:00:00,4699.56,4700.68,4690.24,4693.23,6703,5,0
2026-04-24 05:15:00,4693.23,4696.11,4682.05,4683.74,7664,0,0
2026-04-24 05:30:00,4683.74,4690.92,4680.16,4683.41,9105,4,0
2026-04-24 05:45:00,4683.41,4684.11,4673.04,4676.79,7353,5,0
2026-04-24 06:00:00,4676.79,4678.41,4668.66,4670.42,6545,5,0
2026-04-24 06:15:00,4670.42,4678.08,4670.28,4674.46,5412,5,0
2026-04-24 06:30:00,4674.47,4678.28,4672.96,4675.34,4589,5,0
2026-04-24 06:45:00,4675.34,4676.9,4671.5,4672.18,3054,5,0
2026-04-24 07:00:00,4672.18,4674.68,4667.5,4670.04,4780,5,0
2026-04-24 07:15:00,4670.04,4670.85,4658.18,4659.54,6266,5,0
2026-04-24 07:30:00,4659.54,4668.51,4657.72,4668.08,5430,5,0
2026-04-24 07:45:00,4668.08,4676.85,4668.06,4674.5,4106,5,0
2026-04-24 08:00:00,4674.5,4676.89,4669.74,4673.75,3527,5,0
2026-04-24 08:15:00,4673.75,4678.66,4672.11,4676.6,3289,5,0
2026-04-24 08:30:00,4676.6,4687.32,4676.57,4682.68,6327,5,0
2026-04-24 08:45:00,4682.68,4686.77,4680.06,4686.46,7075,5,0
2026-04-24 09:00:00,4686.46,4688.14,4680.78,4681.98,7418,0,0
2026-04-24 09:15:00,4681.98,4682.14,4670.09,4671.43,7814,5,0
2026-04-24 09:30:00,4671.43,4676.25,4669.9,4673.71,7907,5,0
2026-04-24 09:45:00,4673.71,4676.38,4666.78,4672.01,8865,2,0
2026-04-24 10:00:00,4672.01,4681.41,4670.98,4680.68,5979,5,0
2026-04-24 10:15:00,4680.67,4684.82,4678.23,4684.43,5830,5,0
2026-04-24 10:30:00,4684.43,4686.21,4682.29,4685.57,4945,5,0
2026-04-24 10:45:00,4685.54,4695.28,4685.29,4694.5,5071,0,0
2026-04-24 11:00:00,4694.5,4694.68,4686.51,4687.5,7581,5,0
2026-04-24 11:15:00,4687.5,4697.46,4686.78,4687.96,7780,5,0
2026-04-24 11:30:00,4687.96,4690.17,4685.12,4688.18,5913,5,0
2026-04-24 11:45:00,4688.18,4693.14,4687.77,4690.84,5047,5,0
2026-04-24 12:00:00,4690.84,4695.36,4689.66,4695.32,5368,0,0
2026-04-24 12:15:00,4695.32,4696.75,4682.37,4683.32,6918,5,0
2026-04-24 12:30:00,4683.32,4688.58,4679.43,4686.02,6151,5,0
2026-04-24 12:45:00,4686.02,4686.87,4679.44,4682.09,4686,3,0
2026-04-24 13:00:00,4682.09,4684.93,4680.91,4682.34,5053,0,0
2026-04-24 13:15:00,4682.34,4686.28,4680.29,4682.33,4852,5,0
2026-04-24 13:30:00,4682.33,4682.47,4674.72,4679.03,5834,0,0
2026-04-24 13:45:00,4679.03,4680.75,4676.7,4677.85,3998,5,0
2026-04-24 14:00:00,4677.84,4703.42,4677.84,4697.24,16703,0,0
2026-04-24 14:15:00,4697.23,4717.17,4692.58,4715.55,17679,0,0
2026-04-24 14:30:00,4715.55,4717.37,4705.19,4705.5,11180,5,0
2026-04-24 14:45:00,4705.5,4708.37,4702.92,4706.96,7180,5,0
2026-04-24 15:00:00,4706.99,4710.34,4703.49,4708.75,9677,5,0
2026-04-24 15:15:00,4708.75,4711.88,4701.37,4710.23,11391,5,0
2026-04-24 15:30:00,4710.23,4711.77,4698.79,4698.9,9431,1,0
2026-04-24 15:45:00,4698.9,4701.14,4690.43,4700.79,9840,5,0
2026-04-24 16:00:00,4700.8,4705.7,4696.28,4703.03,12073,0,0
2026-04-24 16:15:00,4703.03,4705.18,4693.58,4697.11,10633,0,0
2026-04-24 16:30:00,4697.11,4709.8,4689.82,4708.27,16843,5,0
2026-04-24 16:45:00,4708.27,4717.55,4704.78,4711.96,18696,5,0
2026-04-24 17:00:00,4711.89,4740.4,4706.96,4731.28,23132,0,0
2026-04-24 17:15:00,4731.27,4734.12,4721.54,4725.6,14295,0,0
2026-04-24 17:30:00,4725.61,4732.9,4723.72,4730.45,14395,5,0
2026-04-24 17:45:00,4730.54,4731.38,4724.14,4726.42,9633,5,0
2026-04-24 18:00:00,4726.42,4727.25,4718.98,4722.02,9981,5,0
2026-04-24 18:15:00,4722.02,4726.44,4718.52,4722.01,9799,4,0
2026-04-24 18:30:00,4722.03,4729.68,4714.92,4727.4,12012,0,0
2026-04-24 18:45:00,4727.62,4733.51,4724.05,4727.28,18367,5,0
2026-04-24 19:00:00,4727.28,4729.82,4720.3,4720.52,9585,0,0
2026-04-24 19:15:00,4720.52,4725.88,4719.15,4723.37,7686,5,0
2026-04-24 19:30:00,4723.37,4727.26,4719.34,4722.6,7335,5,0
2026-04-24 19:45:00,4722.6,4727.82,4720.41,4726.95,8324,5,0
2026-04-24 20:00:00,4726.95,4730.07,4725.82,4728.0,8427,5,0
2026-04-24 20:15:00,4728.0,4729.43,4722.44,4723.0,5906,5,0
2026-04-24 20:30:00,4723.0,4725.62,4719.19,4722.76,6166,5,0
2026-04-24 20:45:00,4722.76,4727.87,4720.69,4723.51,5582,5,0
2026-04-24 21:00:00,4723.51,4724.92,4720.05,4723.88,5893,5,0
2026-04-24 21:15:00,4723.88,4724.38,4717.08,4717.26,6421,5,0
2026-04-24 21:30:00,4717.17,4720.6,4716.93,4718.96,5182,3,0
2026-04-24 21:45:00,4718.96,4723.33,4717.88,4722.77,5162,5,0
2026-04-24 22:00:00,4722.77,4726.12,4721.1,4722.49,4640,5,0
2026-04-24 22:15:00,4722.49,4723.39,4717.48,4719.12,4256,5,0
2026-04-24 22:30:00,4719.12,4720.73,4716.1,4716.79,4446,5,0
2026-04-24 22:45:00,4716.78,4718.68,4713.74,4716.26,7352,5,0
2026-04-24 23:00:00,4716.26,4717.52,4705.6,4706.84,3665,0,0
2026-04-24 23:15:00,4706.84,4709.8,4705.47,4708.25,2372,0,0
2026-04-24 23:30:00,4708.25,4708.76,4705.37,4707.76,2144,5,0
2026-04-24 23:45:00,4707.76,4709.84,4706.65,4707.26,1357,39,0
2026-04-27 01:00:00,4699.09,4709.62,4680.1,4685.4,10153,5,0
2026-04-27 01:15:00,4685.4,4688.66,4683.02,4686.98,4023,5,0
2026-04-27 01:30:00,4686.98,4686.98,4682.24,4684.58,3138,5,0
2026-04-27 01:45:00,4684.58,4686.05,4681.88,4684.6,2341,5,0
2026-04-27 02:00:00,4684.6,4685.0,4677.64,4683.7,3647,0,0
2026-04-27 02:15:00,4683.7,4684.55,4677.28,4677.4,2174,5,0
2026-04-27 02:30:00,4677.4,4680.02,4675.15,4676.95,3198,5,0
2026-04-27 02:45:00,4676.95,4682.24,4676.95,4680.05,3107,5,0
2026-04-27 03:00:00,4680.05,4681.23,4672.24,4679.98,7096,5,0
2026-04-27 03:15:00,4679.98,4682.42,4677.75,4680.88,5283,5,0
2026-04-27 03:30:00,4680.92,4681.65,4676.86,4680.71,3969,5,0
2026-04-27 03:45:00,4680.71,4698.33,4680.71,4697.91,6037,3,0
2026-04-27 04:00:00,4697.91,4709.75,4692.14,4692.74,14240,0,0
2026-04-27 04:15:00,4692.74,4698.7,4690.82,4698.17,10678,1,0
2026-04-27 04:30:00,4698.17,4700.99,4695.74,4697.97,7804,5,0
2026-04-27 04:45:00,4697.96,4706.58,4697.81,4702.66,6674,5,0
2026-04-27 05:00:00,4702.66,4706.74,4696.24,4699.72,6232,5,0
2026-04-27 05:15:00,4699.72,4708.26,4698.97,4705.76,4327,5,0
2026-04-27 05:30:00,4705.76,4714.5,4704.43,4713.52,6683,5,0
2026-04-27 05:45:00,4713.52,4723.44,4712.16,4718.22,6496,0,0
2026-04-27 06:00:00,4718.22,4722.28,4716.5,4717.93,6363,5,0
2026-04-27 06:15:00,4717.93,4718.55,4714.52,4715.7,4611,5,0
2026-04-27 06:30:00,4715.7,4729.46,4715.44,4728.39,5171,0,0
2026-04-27 06:45:00,4728.39,4728.72,4722.48,4724.24,4625,5,0
2026-04-27 07:00:00,4724.24,4727.96,4723.6,4727.6,3386,5,0
2026-04-27 07:15:00,4727.6,4728.02,4725.06,4726.99,2917,5,0
2026-04-27 07:30:00,4726.99,4730.1,4725.47,4726.3,3311,5,0
2026-04-27 07:45:00,4726.31,4726.67,4722.76,4725.09,3687,5,0
2026-04-27 08:00:00,4725.09,4725.53,4718.34,4718.49,4115,0,0
2026-04-27 08:15:00,4718.49,4719.94,4716.1,4718.21,3968,5,0
2026-04-27 08:30:00,4718.21,4718.39,4709.21,4711.74,6709,5,0
2026-04-27 08:45:00,4711.74,4713.73,4708.65,4710.1,5388,0,0
2026-04-27 09:00:00,4710.1,4715.69,4709.29,4714.53,5631,5,0
2026-04-27 09:15:00,4714.53,4715.74,4711.41,4714.47,5685,5,0
2026-04-27 09:30:00,4714.47,4714.54,4709.28,4710.73,6054,5,0
2026-04-27 09:45:00,4710.73,4715.59,4710.03,4712.86,4509,5,0
2026-04-27 10:00:00,4712.86,4718.3,4710.86,4717.17,6501,5,0
2026-04-27 10:15:00,4717.17,4718.36,4712.38,4716.11,5264,1,0
2026-04-27 10:30:00,4716.11,4717.4,4713.51,4714.92,5318,5,0
2026-04-27 10:45:00,4714.92,4716.94,4710.01,4713.44,5301,5,0
2026-04-27 11:00:00,4713.44,4714.3,4710.2,4710.99,7487,5,0
2026-04-27 11:15:00,4710.99,4714.12,4709.56,4710.73,5921,3,0
2026-04-27 11:30:00,4710.73,4711.9,4705.41,4711.89,5487,4,0
2026-04-27 11:45:00,4711.89,4714.74,4705.65,4706.87,5014,5,0
2026-04-27 12:00:00,4706.87,4708.32,4702.56,4705.17,4845,3,0
2026-04-27 12:15:00,4705.16,4706.73,4701.55,4702.45,4316,5,0
2026-04-27 12:30:00,4702.38,4705.54,4699.5,4704.71,4519,5,0
2026-04-27 12:45:00,4704.71,4704.71,4699.59,4703.65,3607,5,0
2026-04-27 13:00:00,4703.65,4706.9,4701.63,4701.97,3383,5,0
2026-04-27 13:15:00,4701.97,4705.88,4699.6,4705.18,2869,5,0
2026-04-27 13:30:00,4705.18,4710.6,4704.73,4709.06,3903,5,0
2026-04-27 13:45:00,4709.06,4710.99,4707.16,4708.88,4460,4,0
2026-04-27 14:00:00,4708.88,4709.17,4704.02,4704.14,4495,4,0
2026-04-27 14:15:00,4704.14,4707.02,4700.34,4705.28,5200,5,0
2026-04-27 14:30:00,4705.28,4708.57,4700.12,4702.65,5042,5,0
2026-04-27 14:45:00,4702.64,4705.33,4700.95,4704.89,4114,5,0
2026-04-27 15:00:00,4704.92,4709.19,4702.61,4708.88,6458,4,0
2026-04-27 15:15:00,4708.88,4712.64,4701.8,4707.11,8046,4,0
2026-04-27 15:30:00,4707.11,4707.9,4697.09,4698.93,7591,3,0
2026-04-27 15:45:00,4698.93,4704.55,4697.02,4699.3,7862,0,0
2026-04-27 16:00:00,4699.3,4700.68,4693.32,4696.04,11910,0,0
2026-04-27 16:15:00,4696.04,4703.48,4695.57,4699.98,7777,4,0
2026-04-27 16:30:00,4699.98,4702.61,4688.89,4693.4,15300,0,0
2026-04-27 16:45:00,4693.4,4697.44,4689.36,4696.25,14122,5,0
2026-04-27 17:00:00,4696.25,4696.34,4687.82,4692.58,13240,5,0
2026-04-27 17:15:00,4692.58,4696.76,4686.24,4689.08,11138,3,0
2026-04-27 17:30:00,4689.09,4696.79,4683.56,4693.47,13025,5,0
2026-04-27 17:45:00,4693.47,4694.12,4676.62,4678.2,10781,4,0
2026-04-27 18:00:00,4678.2,4679.47,4667.16,4674.55,14682,5,0
2026-04-27 18:15:00,4674.55,4681.22,4671.96,4681.22,11586,5,0
2026-04-27 18:30:00,4681.24,4682.58,4677.04,4677.56,8738,4,0
2026-04-27 18:45:00,4677.56,4678.1,4667.92,4670.08,9450,5,0
2026-04-27 19:00:00,4670.07,4674.94,4667.33,4674.58,8333,0,0
2026-04-27 19:15:00,4674.58,4677.8,4673.8,4676.41,6609,5,0
2026-04-27 19:30:00,4676.42,4679.55,4674.32,4674.86,6026,5,0
2026-04-27 19:45:00,4674.86,4678.07,4674.81,4676.73,5361,5,0
2026-04-27 20:00:00,4676.73,4678.45,4671.67,4673.75,7420,5,0
2026-04-27 20:15:00,4673.75,4680.13,4668.3,4679.92,8262,5,0
2026-04-27 20:30:00,4679.9,4686.22,4679.5,4683.17,7008,5,0
2026-04-27 20:45:00,4683.17,4684.48,4681.12,4682.25,5837,5,0
2026-04-27 21:00:00,4682.25,4682.79,4678.99,4681.46,4705,5,0
2026-04-27 21:15:00,4681.46,4685.54,4680.69,4684.12,4987,1,0
2026-04-27 21:30:00,4684.12,4685.38,4682.59,4682.88,3526,5,0
2026-04-27 21:45:00,4682.88,4685.02,4680.66,4680.74,3646,5,0
2026-04-27 22:00:00,4680.74,4681.34,4678.56,4680.35,3447,5,0
2026-04-27 22:15:00,4680.35,4682.69,4679.89,4682.28,3224,5,0
2026-04-27 22:30:00,4682.28,4682.46,4676.75,4680.05,3412,5,0
2026-04-27 22:45:00,4680.05,4681.54,4678.48,4680.84,6438,5,0
2026-04-27 23:00:00,4680.86,4681.5,4677.55,4679.22,2259,5,0
2026-04-27 23:15:00,4679.22,4680.86,4678.7,4679.78,1508,5,0
2026-04-27 23:30:00,4679.78,4680.56,4678.87,4680.06,1262,5,0
2026-04-27 23:45:00,4680.06,4681.76,4678.32,4681.76,1299,40,0
2026-04-28 01:00:00,4683.84,4691.17,4682.3,4689.31,4507,5,0
2026-04-28 01:15:00,4689.31,4689.91,4686.94,4689.12,2176,5,0
2026-04-28 01:30:00,4689.12,4689.72,4686.42,4687.4,1989,5,0
2026-04-28 01:45:00,4687.4,4688.22,4686.2,4687.98,1624,5,0
2026-04-28 02:00:00,4687.98,4690.1,4687.3,4689.89,1617,5,0
2026-04-28 02:15:00,4689.89,4691.9,4689.59,4690.78,1603,5,0
2026-04-28 02:30:00,4690.78,4694.52,4690.63,4694.43,2132,5,0
2026-04-28 02:45:00,4694.43,4695.12,4692.0,4692.06,1675,5,0
2026-04-28 03:00:00,4692.06,4701.41,4691.92,4697.96,3504,5,0
2026-04-28 03:15:00,4697.96,4699.55,4692.26,4695.05,4098,5,0
2026-04-28 03:30:00,4695.05,4695.29,4691.8,4693.73,4080,5,0
2026-04-28 03:45:00,4693.73,4694.75,4690.52,4690.62,2971,5,0
2026-04-28 04:00:00,4690.66,4691.0,4684.52,4688.1,8378,5,0
2026-04-28 04:15:00,4688.1,4690.7,4685.69,4687.61,6683,5,0
2026-04-28 04:30:00,4687.61,4691.48,4683.84,4687.33,6875,5,0
2026-04-28 04:45:00,4687.33,4687.74,4669.16,4670.71,9373,5,0
2026-04-28 05:00:00,4670.71,4677.88,4666.52,4677.42,8621,0,0
2026-04-28 05:15:00,4677.42,4679.78,4674.57,4675.54,4826,5,0
2026-04-28 05:30:00,4675.53,4675.6,4670.5,4670.98,6625,5,0
2026-04-28 05:45:00,4670.98,4671.27,4666.55,4669.18,6887,5,0
2026-04-28 06:00:00,4669.18,4674.24,4668.44,4672.94,5279,5,0
2026-04-28 06:15:00,4672.94,4675.84,4671.32,4674.94,3541,5,0
2026-04-28 06:30:00,4674.94,4675.38,4671.79,4672.02,2684,5,0
2026-04-28 06:45:00,4672.02,4672.75,4669.4,4671.01,1980,5,0
2026-04-28 07:00:00,4671.02,4671.34,4666.97,4669.8,2741,5,0
2026-04-28 07:15:00,4669.8,4669.81,4666.84,4667.49,2242,5,0
2026-04-28 07:30:00,4667.49,4669.93,4666.7,4669.84,2107,5,0
2026-04-28 07:45:00,4669.84,4669.99,4667.37,4667.72,2146,5,0
2026-04-28 08:00:00,4667.72,4668.01,4648.15,4652.41,7648,5,0
2026-04-28 08:15:00,4652.41,4659.48,4651.19,4658.36,4427,5,0
2026-04-28 08:30:00,4658.36,4658.64,4624.44,4624.87,14814,0,0
2026-04-28 08:45:00,4624.87,4634.34,4623.95,4632.12,10692,4,0
2026-04-28 09:00:00,4632.12,4642.94,4625.86,4640.64,10171,5,0
2026-04-28 09:15:00,4640.64,4641.1,4623.29,4631.66,10381,5,0
2026-04-28 09:30:00,4631.66,4634.68,4625.3,4629.79,9550,5,0
2026-04-28 09:45:00,4629.79,4631.79,4623.39,4629.03,8930,3,0
2026-04-28 10:00:00,4629.03,4639.47,4627.42,4634.28,9482,5,0
2026-04-28 10:15:00,4634.28,4634.91,4627.32,4629.7,7844,5,0
2026-04-28 10:30:00,4629.7,4635.32,4626.0,4629.41,7864,5,0
2026-04-28 10:45:00,4629.41,4633.65,4620.6,4633.15,7818,5,0
2026-04-28 11:00:00,4633.16,4633.6,4614.7,4620.35,13348,0,0
2026-04-28 11:15:00,4620.33,4627.2,4619.2,4627.14,9030,5,0
2026-04-28 11:30:00,4627.14,4635.46,4626.68,4628.2,8382,5,0
2026-04-28 11:45:00,4628.2,4630.78,4625.15,4629.68,6268,5,0
2026-04-28 12:00:00,4629.68,4630.09,4621.65,4625.42,7695,5,0
2026-04-28 12:15:00,4625.42,4625.99,4613.16,4618.35,7988,0,0
2026-04-28 12:30:00,4618.35,4619.15,4608.15,4613.67,9197,0,0
2026-04-28 12:45:00,4613.67,4615.17,4604.63,4604.83,8070,5,0
2026-04-28 13:00:00,4604.83,4613.6,4604.42,4612.69,6630,5,0
2026-04-28 13:15:00,4612.69,4616.5,4610.78,4611.54,5928,0,0
2026-04-28 13:30:00,4611.54,4615.87,4611.01,4613.18,6082,3,0
2026-04-28 13:45:00,4613.18,4615.6,4603.22,4603.22,6706,3,0
2026-04-28 14:00:00,4603.22,4608.8,4597.86,4598.62,9916,4,0
2026-04-28 14:15:00,4598.62,4604.21,4594.09,4599.47,9092,3,0
2026-04-28 14:30:00,4599.47,4599.9,4568.2,4572.09,14367,0,0
2026-04-28 14:45:00,4572.07,4574.02,4555.48,4562.56,16179,4,0
2026-04-28 15:00:00,4562.55,4581.75,4554.79,4581.65,15645,0,0
2026-04-28 15:15:00,4581.65,4598.01,4573.87,4580.22,17441,5,0
2026-04-28 15:30:00,4580.22,4588.83,4570.7,4586.97,12788,5,0
2026-04-28 15:45:00,4586.99,4600.06,4584.37,4593.79,13795,5,0
2026-04-28 16:00:00,4593.79,4594.67,4571.32,4576.25,17870,3,0
2026-04-28 16:15:00,4576.25,4584.59,4572.26,4581.56,14204,5,0
2026-04-28 16:30:00,4581.56,4591.68,4570.92,4581.84,24259,4,0
2026-04-28 16:45:00,4581.85,4592.64,4574.86,4580.34,19100,5,0
2026-04-28 17:00:00,4580.34,4580.75,4564.82,4568.37,18803,5,0
2026-04-28 17:15:00,4568.37,4577.96,4563.94,4571.59,16073,0,0
2026-04-28 17:30:00,4571.59,4578.16,4557.36,4564.18,15378,2,0
2026-04-28 17:45:00,4564.18,4574.85,4557.35,4574.52,16884,4,0
2026-04-28 18:00:00,4574.52,4581.92,4570.38,4572.7,16904,3,0
2026-04-28 18:15:00,4572.7,4577.38,4567.04,4577.02,13010,5,0
2026-04-28 18:30:00,4577.02,4581.46,4571.2,4577.88,12633,4,0
2026-04-28 18:45:00,4577.88,4586.64,4576.68,4586.52,9780,4,0
2026-04-28 19:00:00,4586.52,4586.92,4582.41,4585.28,8115,3,0
2026-04-28 19:15:00,4585.28,4585.74,4577.88,4582.97,7128,5,0
2026-04-28 19:30:00,4582.97,4586.94,4580.64,4585.05,7084,0,0
2026-04-28 19:45:00,4585.05,4594.96,4583.94,4592.37,7543,5,0
2026-04-28 20:00:00,4592.37,4594.83,4588.64,4593.82,7296,5,0
2026-04-28 20:15:00,4593.77,4597.32,4587.2,4593.7,7478,5,0
2026-04-28 20:30:00,4593.7,4601.54,4593.7,4599.18,6580,5,0
2026-04-28 20:45:00,4599.18,4600.65,4594.19,4594.8,6041,5,0
2026-04-28 21:00:00,4594.8,4598.62,4592.21,4596.08,5476,5,0
2026-04-28 21:15:00,4596.08,4600.62,4596.08,4599.07,6807,5,0
2026-04-28 21:30:00,4599.07,4599.66,4593.72,4597.88,4920,5,0
2026-04-28 21:45:00,4597.88,4599.03,4593.16,4594.36,4092,5,0
2026-04-28 22:00:00,4594.36,4598.85,4594.0,4595.74,3432,5,0
2026-04-28 22:15:00,4595.74,4597.31,4593.76,4596.44,3589,5,0
2026-04-28 22:30:00,4596.44,4600.13,4594.78,4598.6,4438,5,0
2026-04-28 22:45:00,4598.61,4599.39,4593.4,4595.68,6302,5,0
2026-04-28 23:00:00,4595.68,4598.76,4594.96,4597.45,2915,5,0
2026-04-28 23:15:00,4597.45,4598.25,4591.26,4592.97,2453,5,0
2026-04-28 23:30:00,4592.96,4595.5,4592.06,4593.11,1638,5,0
2026-04-28 23:45:00,4593.11,4597.5,4592.88,4597.2,1250,11,0
2026-04-29 01:00:00,4593.87,4600.86,4593.87,4596.34,2575,5,0
2026-04-29 01:15:00,4596.34,4597.18,4595.15,4595.88,944,5,0
2026-04-29 01:30:00,4595.85,4597.32,4593.08,4593.7,868,5,0
2026-04-29 01:45:00,4593.7,4595.44,4592.48,4594.2,1100,5,0
2026-04-29 02:00:00,4594.2,4594.56,4589.36,4591.0,1170,5,0
2026-04-29 02:15:00,4591.0,4592.8,4590.33,4592.28,1122,5,0
2026-04-29 02:30:00,4592.28,4593.46,4587.91,4589.96,1431,5,0
2026-04-29 02:45:00,4589.96,4596.2,4588.92,4595.73,1738,5,0
2026-04-29 03:00:00,4595.73,4610.29,4594.82,4607.49,5365,5,0
2026-04-29 03:15:00,4607.49,4607.82,4598.72,4600.09,3045,3,0
2026-04-29 03:30:00,4600.09,4604.98,4599.56,4603.82,2875,1,0
2026-04-29 03:45:00,4603.82,4604.16,4596.4,4600.33,3580,5,0
2026-04-29 04:00:00,4600.33,4600.51,4575.76,4582.4,11041,0,0
2026-04-29 04:15:00,4582.4,4586.45,4579.16,4580.43,6490,5,0
2026-04-29 04:30:00,4580.43,4591.51,4578.44,4590.59,8244,5,0
2026-04-29 04:45:00,4590.59,4591.74,4580.49,4584.89,4884,5,0
2026-04-29 05:00:00,4584.9,4602.48,4584.9,4600.95,6534,5,0
2026-04-29 05:15:00,4601.04,4604.19,4598.14,4599.26,4872,5,0
2026-04-29 05:30:00,4599.26,4601.94,4595.5,4596.89,5341,5,0
2026-04-29 05:45:00,4596.94,4601.22,4592.27,4593.66,4258,5,0
2026-04-29 06:00:00,4593.66,4603.07,4592.72,4601.92,3645,5,0
2026-04-29 06:15:00,4601.92,4603.3,4597.22,4598.82,3855,4,0
2026-04-29 06:30:00,4598.82,4598.82,4592.46,4593.83,2946,5,0
2026-04-29 06:45:00,4593.83,4596.63,4592.23,4595.63,2317,5,0
2026-04-29 07:00:00,4595.7,4603.5,4595.35,4600.7,1942,5,0
2026-04-29 07:15:00,4600.7,4602.03,4597.36,4601.75,2601,5,0
2026-04-29 07:30:00,4601.75,4605.59,4601.71,4602.23,2469,5,0
2026-04-29 07:45:00,4602.23,4605.62,4602.23,4604.88,1870,5,0
2026-04-29 08:00:00,4604.88,4607.69,4600.41,4601.0,3054,5,0
2026-04-29 08:15:00,4601.0,4602.72,4598.68,4600.74,2220,5,0
2026-04-29 08:30:00,4600.74,4601.68,4594.26,4599.11,3994,5,0
2026-04-29 08:45:00,4599.11,4603.28,4590.76,4591.0,4745,0,0
2026-04-29 09:00:00,4591.0,4598.68,4587.2,4588.52,7590,5,0
2026-04-29 09:15:00,4588.51,4589.39,4581.36,4585.1,6539,5,0
2026-04-29 09:30:00,4585.1,4587.53,4580.9,4584.94,6732,5,0
2026-04-29 09:45:00,4584.94,4586.9,4581.23,4584.6,6377,5,0
2026-04-29 10:00:00,4584.6,4588.94,4576.75,4578.73,8914,0,0
2026-04-29 10:15:00,4578.73,4581.38,4569.68,4575.17,7979,4,0
2026-04-29 10:30:00,4575.17,4578.82,4569.26,4570.46,7984,0,0
2026-04-29 10:45:00,4570.46,4572.49,4567.35,4567.84,7807,4,0
2026-04-29 11:00:00,4567.84,4573.35,4564.49,4565.29,10506,5,0
2026-04-29 11:15:00,4565.29,4571.44,4565.29,4566.22,8451,0,0
2026-04-29 11:30:00,4566.22,4568.92,4557.34,4568.39,8673,5,0
2026-04-29 11:45:00,4568.39,4576.8,4568.26,4573.24,7032,5,0
2026-04-29 12:00:00,4573.24,4575.73,4570.34,4573.94,6616,0,0
2026-04-29 12:15:00,4573.94,4580.9,4565.88,4565.88,6441,2,0
2026-04-29 12:30:00,4565.88,4569.63,4558.84,4559.08,8748,5,0
2026-04-29 12:45:00,4559.08,4562.08,4551.56,4555.67,9413,0,0
2026-04-29 13:00:00,4555.67,4568.29,4554.91,4568.06,7343,4,0
2026-04-29 13:15:00,4568.06,4573.28,4568.05,4571.87,6908,5,0
2026-04-29 13:30:00,4571.88,4576.64,4566.08,4566.41,6418,5,0
2026-04-29 13:45:00,4566.41,4570.68,4563.99,4569.89,5761,4,0
2026-04-29 14:00:00,4569.91,4572.2,4565.38,4568.02,8477,5,0
2026-04-29 14:15:00,4568.02,4570.34,4564.14,4564.77,6800,5,0
2026-04-29 14:30:00,4564.77,4571.87,4563.63,4566.97,7055,5,0
2026-04-29 14:45:00,4566.97,4566.97,4559.2,4561.72,6962,4,0
2026-04-29 15:00:00,4561.71,4568.38,4560.68,4564.68,7040,5,0
2026-04-29 15:15:00,4564.68,4569.08,4559.43,4559.54,8040,5,0
2026-04-29 15:30:00,4559.54,4559.87,4551.12,4557.78,10791,0,0
2026-04-29 15:45:00,4557.78,4560.04,4541.28,4544.99,9998,5,0
2026-04-29 16:00:00,4544.99,4553.32,4544.99,4549.94,10753,5,0
2026-04-29 16:15:00,4549.94,4551.66,4534.57,4537.88,12273,0,0
2026-04-29 16:30:00,4537.89,4539.56,4513.56,4514.76,18440,0,0
2026-04-29 16:45:00,4514.76,4530.07,4510.29,4521.86,16090,5,0
2026-04-29 17:00:00,4521.87,4528.28,4517.86,4526.25,13570,3,0
2026-04-29 17:15:00,4526.25,4537.8,4524.39,4533.19,12788,5,0
2026-04-29 17:30:00,4533.19,4542.39,4530.98,4538.87,10760,5,0
2026-04-29 17:45:00,4538.87,4540.6,4532.2,4539.42,7756,5,0
2026-04-29 18:00:00,4539.42,4546.91,4536.32,4538.08,11377,3,0
2026-04-29 18:15:00,4538.08,4546.56,4536.25,4543.6,12149,3,0
2026-04-29 18:30:00,4543.6,4556.28,4540.26,4553.22,13730,5,0
2026-04-29 18:45:00,4553.22,4558.95,4542.18,4547.73,17995,2,0
2026-04-29 19:00:00,4547.73,4565.02,4547.07,4559.16,12443,1,0
2026-04-29 19:15:00,4559.16,4564.31,4557.17,4560.26,9607,5,0
2026-04-29 19:30:00,4560.26,4560.26,4545.72,4550.36,12982,5,0
2026-04-29 19:45:00,4550.36,4551.51,4543.47,4545.51,8870,3,0
2026-04-29 20:00:00,4545.51,4552.33,4542.93,4550.73,8778,1,0
2026-04-29 20:15:00,4550.73,4554.64,4545.96,4547.22,11730,5,0
2026-04-29 20:30:00,4547.22,4548.66,4542.82,4544.8,8299,2,0
2026-04-29 20:45:00,4544.8,4547.66,4541.62,4547.66,9116,5,0
2026-04-29 21:00:00,4547.66,4552.99,4525.32,4525.54,18669,5,0
2026-04-29 21:15:00,4525.54,4539.88,4525.15,4533.02,15226,5,0
2026-04-29 21:30:00,4533.02,4540.78,4520.34,4520.53,20627,5,0
2026-04-29 21:45:00,4520.54,4541.34,4518.28,4538.14,16580,2,0
2026-04-29 22:00:00,4538.14,4548.88,4533.31,4547.82,14159,5,0
2026-04-29 22:15:00,4547.81,4550.75,4541.22,4542.89,10615,5,0
2026-04-29 22:30:00,4542.89,4545.04,4537.72,4539.59,11406,5,0
2026-04-29 22:45:00,4539.59,4549.89,4539.43,4546.95,10405,5,0
2026-04-29 23:00:00,4546.94,4553.58,4542.64,4546.58,13260,0,0
2026-04-29 23:15:00,4546.58,4548.07,4541.33,4543.36,9017,5,0
2026-04-29 23:30:00,4543.36,4546.71,4542.52,4543.74,4910,5,0
2026-04-29 23:45:00,4543.74,4544.64,4541.42,4543.48,4130,40,0
2026-04-30 01:00:00,4545.74,4548.82,4539.38,4546.37,4262,5,0
2026-04-30 01:15:00,4546.44,4551.0,4546.44,4549.21,2920,5,0
2026-04-30 01:30:00,4549.21,4552.24,4547.55,4548.5,2021,5,0
2026-04-30 01:45:00,4548.5,4552.81,4547.84,4552.17,2334,5,0
2026-04-30 02:00:00,4552.17,4554.15,4550.6,4553.37,1429,5,0
2026-04-30 02:15:00,4553.37,4555.18,4549.7,4551.7,1720,5,0
2026-04-30 02:30:00,4551.7,4554.93,4551.42,4554.51,1280,5,0
2026-04-30 02:45:00,4554.51,4562.04,4554.04,4561.79,2802,5,0
2026-04-30 03:00:00,4561.79,4568.51,4557.86,4558.15,8469,5,0
2026-04-30 03:15:00,4558.17,4564.64,4556.56,4563.7,7875,0,0
2026-04-30 03:30:00,4563.73,4567.04,4562.32,4567.03,5140,5,0
2026-04-30 03:45:00,4567.03,4574.14,4566.59,4570.08,5415,4,0
2026-04-30 04:00:00,4570.03,4571.38,4564.72,4568.59,8815,5,0
2026-04-30 04:15:00,4568.59,4581.08,4565.96,4579.96,7237,5,0
2026-04-30 04:30:00,4579.96,4581.46,4570.98,4576.31,7765,5,0
2026-04-30 04:45:00,4576.3,4582.52,4573.97,4579.19,6653,5,0
2026-04-30 05:00:00,4579.19,4581.9,4574.88,4579.71,5226,5,0
2026-04-30 05:15:00,4579.71,4580.68,4571.9,4573.16,4329,5,0
2026-04-30 05:30:00,4573.16,4574.08,4560.22,4562.42,10460,5,0
2026-04-30 05:45:00,4562.42,4565.32,4559.86,4564.94,5155,5,0
2026-04-30 06:00:00,4564.94,4569.09,4562.53,4565.24,4223,3,0
2026-04-30 06:15:00,4565.24,4566.96,4562.86,4563.29,3729,5,0
2026-04-30 06:30:00,4563.29,4563.93,4557.68,4561.59,3810,5,0
2026-04-30 06:45:00,4561.59,4561.61,4555.81,4556.01,3865,5,0
2026-04-30 07:00:00,4556.01,4556.62,4550.93,4555.4,5143,5,0
2026-04-30 07:15:00,4555.4,4557.12,4545.94,4547.22,5038,0,0
2026-04-30 07:30:00,4547.22,4547.7,4540.94,4544.71,5462,5,0
2026-04-30 07:45:00,4544.71,4549.56,4542.03,4542.11,4327,5,0
2026-04-30 08:00:00,4542.11,4553.64,4541.99,4553.3,5586,5,0
2026-04-30 08:15:00,4553.3,4559.02,4551.93,4555.76,4508,5,0
2026-04-30 08:30:00,4555.76,4566.74,4553.83,4564.03,6551,5,0
2026-04-30 08:45:00,4564.03,4569.71,4562.28,4562.63,5223,5,0
2026-04-30 09:00:00,4562.64,4568.12,4560.22,4566.29,7918,0,0
2026-04-30 09:15:00,4566.29,4571.07,4563.7,4569.55,7306,0,0
2026-04-30 09:30:00,4569.55,4578.49,4569.55,4575.23,8253,5,0
2026-04-30 09:45:00,4575.23,4591.56,4574.78,4589.6,8672,5,0
2026-04-30 10:00:00,4589.6,4595.67,4586.34,4591.75,10001,2,0
2026-04-30 10:15:00,4591.75,4593.72,4584.98,4591.64,6740,2,0
2026-04-30 10:30:00,4591.57,4598.11,4588.03,4596.87,5643,5,0
2026-04-30 10:45:00,4596.87,4605.56,4593.66,4598.57,7142,0,0
2026-04-30 11:00:00,4598.57,4629.9,4597.43,4618.91,14360,5,0
2026-04-30 11:15:00,4618.91,4620.68,4612.18,4617.53,7564,2,0
2026-04-30 11:30:00,4617.53,4620.82,4613.82,4615.14,8918,1,0
2026-04-30 11:45:00,4615.14,4619.44,4614.37,4616.46,7118,4,0
2026-04-30 12:00:00,4616.46,4620.14,4614.24,4618.87,8245,5,0
2026-04-30 12:15:00,4618.87,4626.76,4615.56,4625.62,7957,1,0
2026-04-30 12:30:00,4625.62,4631.85,4618.52,4619.32,9988,5,0
2026-04-30 12:45:00,4619.33,4627.29,4618.23,4625.25,5618,2,0
2026-04-30 13:00:00,4625.25,4629.26,4623.71,4626.79,6582,5,0
2026-04-30 13:15:00,4626.79,4644.16,4626.22,4643.68,7312,5,0
2026-04-30 13:30:00,4643.68,4646.86,4634.3,4636.61,11673,5,0
2026-04-30 13:45:00,4636.61,4639.87,4633.88,4639.83,7901,5,0
2026-04-30 14:00:00,4639.83,4645.44,4635.96,4636.0,10565,0,0
2026-04-30 14:15:00,4636.0,4643.61,4630.4,4637.71,10607,2,0
2026-04-30 14:30:00,4637.71,4637.94,4626.79,4629.72,9412,1,0
2026-04-30 14:45:00,4629.72,4635.47,4628.15,4630.26,7307,5,0
2026-04-30 15:00:00,4630.26,4637.52,4629.53,4635.88,7038,5,0
2026-04-30 15:15:00,4635.88,4637.57,4628.54,4629.26,9889,5,0
2026-04-30 15:30:00,4629.26,4636.61,4624.24,4625.89,9558,5,0
2026-04-30 15:45:00,4625.89,4640.15,4624.7,4639.66,7983,5,0
2026-04-30 16:00:00,4639.65,4644.17,4634.72,4641.14,10825,5,0
2026-04-30 16:15:00,4641.14,4645.89,4633.06,4633.68,9041,0,0
2026-04-30 16:30:00,4633.65,4634.65,4620.41,4625.6,14837,5,0
2026-04-30 16:45:00,4625.6,4625.64,4610.76,4611.12,14918,4,0
2026-04-30 17:00:00,4611.12,4625.77,4609.42,4620.48,15393,1,0
2026-04-30 17:15:00,4620.48,4625.98,4616.21,4623.03,11537,5,0
2026-04-30 17:30:00,4623.03,4623.03,4610.93,4617.79,14030,0,0
2026-04-30 17:45:00,4617.79,4623.97,4617.24,4619.77,10794,5,0
2026-04-30 18:00:00,4619.77,4624.22,4614.98,4620.06,12132,5,0
2026-04-30 18:15:00,4620.04,4624.56,4615.58,4623.0,10644,3,0
2026-04-30 18:30:00,4622.98,4625.41,4613.54,4615.66,9932,5,0
2026-04-30 18:45:00,4615.66,4617.35,4611.38,4615.4,6997,5,0
2026-04-30 19:00:00,4615.4,4617.5,4610.16,4611.8,6442,4,0
2026-04-30 19:15:00,4611.8,4611.97,4605.66,4608.12,6278,5,0
2026-04-30 19:30:00,4608.12,4613.86,4607.09,4609.11,5919,5,0
2026-04-30 19:45:00,4609.11,4617.8,4605.46,4607.7,7972,3,0
2026-04-30 20:00:00,4607.7,4620.1,4607.68,4615.9,9013,4,0
2026-04-30 20:15:00,4615.9,4620.86,4612.95,4617.82,7025,1,0
2026-04-30 20:30:00,4617.82,4621.68,4614.98,4617.95,7458,5,0
2026-04-30 20:45:00,4617.98,4620.0,4615.3,4616.88,4925,5,0
2026-04-30 21:00:00,4616.88,4624.58,4616.82,4620.72,7036,5,0
2026-04-30 21:15:00,4620.72,4625.27,4620.0,4620.84,5275,5,0
2026-04-30 21:30:00,4620.84,4623.26,4619.2,4620.7,4505,5,0
2026-04-30 21:45:00,4620.7,4625.1,4620.17,4622.54,4775,5,0
2026-04-30 22:00:00,4622.54,4627.44,4622.22,4624.25,5676,5,0
2026-04-30 22:15:00,4624.25,4625.43,4617.06,4617.76,5517,5,0
2026-04-30 22:30:00,4617.76,4623.04,4615.39,4622.67,4943,5,0
2026-04-30 22:45:00,4622.67,4623.3,4614.59,4617.1,8219,5,0
2026-04-30 23:00:00,4617.16,4620.5,4615.95,4616.19,6097,5,0
2026-04-30 23:15:00,4616.19,4619.4,4615.79,4616.73,3095,5,0
2026-04-30 23:30:00,4616.73,4618.66,4615.56,4617.28,3284,5,0
2026-04-30 23:45:00,4617.28,4622.03,4616.76,4621.76,2159,40,0
2026-05-01 01:00:00,4625.69,4635.8,4625.62,4631.35,3869,5,0
2026-05-01 01:15:00,4631.35,4631.58,4628.83,4631.37,1995,5,0
2026-05-01 01:30:00,4631.37,4632.38,4626.79,4632.38,2618,5,0
2026-05-01 01:45:00,4632.38,4632.4,4628.44,4630.44,2493,2,0
2026-05-01 02:00:00,4630.44,4631.74,4628.4,4630.24,1937,5,0
2026-05-01 02:15:00,4630.24,4632.23,4629.1,4630.86,1546,5,0
2026-05-01 02:30:00,4630.86,4634.12,4630.74,4631.34,2192,5,0
2026-05-01 02:45:00,4631.34,4633.26,4626.47,4626.56,2530,5,0
2026-05-01 03:00:00,4626.56,4631.11,4620.69,4622.48,5882,5,0
2026-05-01 03:15:00,4622.48,4628.5,4621.05,4623.92,5464,5,0
2026-05-01 03:30:00,4623.92,4625.15,4618.5,4620.87,4365,5,0
2026-05-01 03:45:00,4620.87,4625.09,4619.62,4619.8,4132,5,0
2026-05-01 04:00:00,4619.8,4620.9,4615.54,4618.44,4491,1,0
2026-05-01 04:15:00,4618.45,4619.06,4613.73,4616.34,3301,5,0
2026-05-01 04:30:00,4616.34,4621.98,4616.07,4620.18,3940,5,0
2026-05-01 04:45:00,4620.18,4622.29,4618.72,4620.98,3073,5,0
2026-05-01 05:00:00,4620.98,4634.54,4619.77,4630.98,3507,5,0
2026-05-01 05:15:00,4630.98,4636.08,4628.61,4629.55,3554,0,0
2026-05-01 05:30:00,4629.55,4631.22,4624.0,4624.32,3443,5,0
2026-05-01 05:45:00,4624.32,4624.51,4616.54,4619.15,4194,5,0
2026-05-01 06:00:00,4619.15,4621.28,4617.81,4620.7,2647,5,0
2026-05-01 06:15:00,4620.7,4626.75,4620.6,4626.34,2197,5,0
2026-05-01 06:30:00,4626.34,4632.12,4625.49,4626.26,4075,0,0
2026-05-01 06:45:00,4626.26,4628.12,4625.62,4626.74,2699,5,0
2026-05-01 07:00:00,4626.74,4628.86,4619.96,4621.77,3105,5,0
2026-05-01 07:15:00,4621.77,4623.38,4617.19,4617.66,2044,5,0
2026-05-01 07:30:00,4617.66,4618.23,4612.26,4613.54,3014,5,0
2026-05-01 07:45:00,4613.54,4614.62,4609.28,4609.28,3016,5,0
2026-05-01 08:00:00,4609.28,4614.83,4607.64,4614.41,3168,5,0
2026-05-01 08:15:00,4614.41,4616.24,4611.66,4614.82,2449,5,0
2026-05-01 08:30:00,4614.8,4615.51,4609.6,4609.97,3287,5,0
2026-05-01 08:45:00,4609.97,4613.57,4602.96,4604.98,3768,5,0
2026-05-01 09:00:00,4604.98,4608.01,4601.08,4601.55,5445,5,0
2026-05-01 09:15:00,4601.55,4602.1,4593.23,4593.57,5044,5,0
2026-05-01 09:30:00,4593.57,4597.71,4590.89,4593.46,4895,5,0
2026-05-01 09:45:00,4593.46,4596.06,4591.23,4594.78,7842,5,0
2026-05-01 10:00:00,4594.78,4596.52,4590.04,4596.06,6456,3,0
2026-05-01 10:15:00,4596.06,4598.12,4585.32,4592.42,4896,0,0
2026-05-01 10:30:00,4592.42,4592.65,4583.74,4585.46,4917,5,0
2026-05-01 10:45:00,4585.46,4586.05,4575.92,4578.28,4914,4,0
2026-05-01 11:00:00,4578.28,4582.62,4573.1,4573.97,5884,1,0
2026-05-01 11:15:00,4573.97,4577.0,4566.55,4567.42,5334,5,0
2026-05-01 11:30:00,4567.42,4572.19,4566.15,4571.1,5186,5,0
2026-05-01 11:45:00,4571.1,4572.66,4565.24,4569.07,4209,5,0
2026-05-01 12:00:00,4569.06,4569.26,4564.4,4565.88,4273,5,0
2026-05-01 12:15:00,4565.88,4571.42,4564.79,4569.28,3886,5,0
2026-05-01 12:30:00,4569.28,4573.05,4567.65,4570.42,3558,5,0
2026-05-01 12:45:00,4570.42,4570.8,4560.29,4562.75,4596,5,0
2026-05-01 13:00:00,4562.75,4568.06,4561.46,4566.7,3684,5,0
2026-05-01 13:15:00,4566.7,4572.74,4566.62,4572.16,2927,5,0
2026-05-01 13:30:00,4572.16,4576.08,4567.49,4570.42,3285,0,0
2026-05-01 13:45:00,4570.42,4572.19,4566.14,4566.88,3183,2,0
2026-05-01 14:00:00,4566.88,4568.96,4562.5,4565.86,5245,5,0
2026-05-01 14:15:00,4565.86,4576.32,4564.59,4571.93,4634,5,0
2026-05-01 14:30:00,4571.93,4577.8,4570.36,4575.69,4043,2,0
2026-05-01 14:45:00,4575.69,4579.65,4572.85,4578.74,3875,5,0
2026-05-01 15:00:00,4578.74,4590.68,4574.98,4584.81,7151,5,0
2026-05-01 15:15:00,4584.8,4607.84,4582.83,4602.93,12172,4,0
2026-05-01 15:30:00,4602.93,4603.3,4588.99,4592.01,8041,0,0
2026-05-01 15:45:00,4592.01,4595.48,4589.74,4591.2,6928,5,0
2026-05-01 16:00:00,4591.2,4597.33,4589.82,4591.39,7002,0,0
2026-05-01 16:15:00,4591.38,4593.16,4586.69,4589.28,6585,5,0
2026-05-01 16:30:00,4589.28,4609.0,4586.56,4608.01,17300,1,0
2026-05-01 16:45:00,4608.01,4628.92,4598.93,4625.76,17469,4,0
2026-05-01 17:00:00,4625.76,4660.27,4624.87,4656.28,20178,4,0
2026-05-01 17:15:00,4656.28,4660.32,4643.88,4644.68,16088,1,0
2026-05-01 17:30:00,4644.68,4646.36,4630.52,4633.3,13723,1,0
2026-05-01 17:45:00,4633.3,4635.44,4627.22,4632.1,11823,5,0
2026-05-01 18:00:00,4632.09,4636.5,4619.15,4636.36,13199,2,0
2026-05-01 18:15:00,4636.38,4640.62,4634.09,4636.5,9862,5,0
2026-05-01 18:30:00,4636.5,4644.7,4635.48,4643.55,9474,5,0
2026-05-01 18:45:00,4643.55,4648.16,4633.18,4643.19,10498,5,0
2026-05-01 19:00:00,4643.19,4645.52,4638.15,4642.79,7817,5,0
2026-05-01 19:15:00,4642.79,4650.06,4637.84,4637.99,11737,0,0
2026-05-01 19:30:00,4638.04,4641.4,4634.05,4639.07,10257,5,0
2026-05-01 19:45:00,4639.07,4642.91,4636.81,4638.9,7253,3,0
2026-05-01 20:00:00,4638.9,4642.78,4637.69,4639.96,6143,5,0
2026-05-01 20:15:00,4639.96,4640.2,4631.04,4631.79,5837,5,0
2026-05-01 20:30:00,4631.79,4632.26,4626.84,4628.13,5755,3,0
2026-05-01 20:45:00,4628.12,4635.16,4627.32,4629.59,6294,5,0
2026-05-01 21:00:00,4629.6,4630.83,4615.71,4615.9,7614,5,0
2026-05-01 21:15:00,4615.9,4623.74,4613.81,4623.44,7278,5,0
2026-05-01 21:30:00,4623.32,4624.54,4616.21,4622.24,8325,5,0
2026-05-01 21:45:00,4622.24,4625.85,4620.0,4624.3,6113,5,0
2026-05-01 22:00:00,4624.3,4626.64,4620.5,4626.26,5182,5,0
2026-05-01 22:15:00,4626.26,4627.73,4624.39,4624.41,4177,5,0
2026-05-01 22:30:00,4624.41,4624.63,4611.37,4611.9,8753,5,0
2026-05-01 22:45:00,4611.9,4615.37,4608.87,4610.9,9491,5,0
2026-05-01 23:00:00,4610.9,4612.71,4607.02,4611.2,3340,4,0
2026-05-01 23:15:00,4611.2,4616.18,4609.86,4613.39,1879,5,0
2026-05-01 23:30:00,4613.38,4615.23,4610.24,4613.68,1862,5,0
2026-05-01 23:45:00,4613.68,4617.22,4612.49,4615.53,1516,39,0
2026-05-04 01:00:00,4632.94,4638.5,4616.99,4623.16,6949,5,0
2026-05-04 01:15:00,4623.16,4623.27,4612.44,4620.91,4048,5,0
2026-05-04 01:30:00,4620.91,4629.39,4619.86,4628.18,2848,5,0
2026-05-04 01:45:00,4628.18,4629.19,4618.36,4618.9,3098,5,0
2026-05-04 02:00:00,4618.9,4620.87,4611.3,4615.16,3894,5,0
2026-05-04 02:15:00,4615.21,4617.68,4613.18,4617.16,2573,5,0
2026-05-04 02:30:00,4617.16,4618.67,4612.92,4613.65,2915,5,0
2026-05-04 02:45:00,4613.66,4617.02,4611.62,4613.98,3283,5,0
2026-05-04 03:00:00,4613.98,4616.53,4604.54,4612.26,7176,5,0
2026-05-04 03:15:00,4612.24,4614.72,4601.7,4606.05,6649,5,0
2026-05-04 03:30:00,4606.04,4610.04,4605.06,4605.78,3838,5,0
2026-05-04 03:45:00,4605.78,4613.5,4604.82,4613.1,4286,5,0
2026-05-04 04:00:00,4613.11,4614.06,4595.99,4600.61,6332,5,0
2026-05-04 04:15:00,4600.61,4604.54,4594.17,4594.64,4972,5,0
2026-05-04 04:30:00,4594.64,4601.68,4592.6,4601.57,4589,5,0
2026-05-04 04:45:00,4601.56,4613.76,4600.99,4613.11,3354,5,0
2026-05-04 05:00:00,4613.11,4618.54,4603.56,4608.42,4697,5,0
2026-05-04 05:15:00,4608.42,4608.42,4591.58,4593.15,5039,5,0
2026-05-04 05:30:00,4593.15,4603.38,4591.04,4603.38,3760,5,0
2026-05-04 05:45:00,4603.74,4611.12,4601.29,4605.87,3585,5,0
2026-05-04 06:00:00,4605.84,4611.76,4604.43,4610.04,3260,5,0
2026-05-04 06:15:00,4610.04,4610.96,4608.28,4610.27,2635,5,0
2026-05-04 06:30:00,4610.31,4611.29,4598.56,4604.98,3873,5,0
2026-05-04 06:45:00,4604.96,4617.12,4604.94,4615.1,7775,5,0
2026-05-04 07:00:00,4615.14,4615.43,4607.81,4611.25,4007,5,0
2026-05-04 07:15:00,4611.23,4613.23,4607.14,4608.01,3205,5,0
2026-05-04 07:30:00,4608.0,4612.99,4607.23,4609.26,3561,5,0
2026-05-04 07:45:00,4609.26,4610.53,4605.09,4605.94,3147,5,0
2026-05-04 08:00:00,4605.94,4606.82,4602.02,4603.83,4185,5,0
2026-05-04 08:15:00,4603.85,4613.14,4595.71,4596.56,7069,5,0
2026-05-04 08:30:00,4596.58,4599.06,4592.37,4598.98,6525,5,0
2026-05-04 08:45:00,4598.98,4601.88,4594.4,4599.08,5311,5,0
2026-05-04 09:00:00,4599.04,4600.82,4587.91,4597.59,7951,3,0
2026-05-04 09:15:00,4597.59,4597.87,4589.16,4594.03,6107,5,0
2026-05-04 09:30:00,4594.04,4595.59,4584.36,4585.42,7128,5,0
2026-05-04 09:45:00,4585.44,4592.46,4583.69,4588.55,5360,5,0
2026-05-04 10:00:00,4588.56,4593.39,4585.58,4592.15,5910,5,0
2026-05-04 10:15:00,4592.19,4592.85,4583.28,4585.96,4640,5,0
2026-05-04 10:30:00,4585.96,4588.18,4582.8,4587.99,5008,5,0
2026-05-04 10:45:00,4587.97,4590.85,4578.0,4578.95,5401,5,0
2026-05-04 11:00:00,4578.95,4581.05,4574.27,4580.18,6490,5,0
2026-05-04 11:15:00,4580.18,4581.18,4574.24,4575.06,5983,5,0
2026-05-04 11:30:00,4575.02,4581.34,4573.76,4578.09,5288,5,0
2026-05-04 11:45:00,4578.06,4579.68,4575.83,4577.06,4701,5,0
2026-05-04 12:00:00,4577.06,4584.19,4576.18,4584.05,4504,5,0
2026-05-04 12:15:00,4584.05,4584.53,4580.48,4581.36,3022,5,0
2026-05-04 12:30:00,4581.36,4584.5,4580.48,4581.39,2685,5,0
2026-05-04 12:45:00,4581.39,4582.25,4572.05,4575.39,3937,4,0
2026-05-04 13:00:00,4575.36,4575.77,4537.3,4541.95,21646,5,0
2026-05-04 13:15:00,4541.94,4545.22,4526.04,4544.97,16625,0,0
2026-05-04 13:30:00,4544.97,4564.16,4543.07,4558.75,12950,5,0
2026-05-04 13:45:00,4558.76,4566.97,4558.42,4562.69,7309,5,0
2026-05-04 14:00:00,4562.69,4570.77,4561.32,4565.43,11269,5,0
2026-05-04 14:15:00,4565.43,4569.97,4561.76,4562.3,7402,0,0
2026-05-04 14:30:00,4562.26,4562.8,4551.44,4553.48,10438,5,0
2026-05-04 14:45:00,4553.47,4563.39,4553.02,4559.94,8499,5,0
2026-05-04 15:00:00,4559.97,4565.74,4559.29,4563.78,8033,5,0
2026-05-04 15:15:00,4563.77,4579.34,4563.27,4568.6,12558,5,0
2026-05-04 15:30:00,4568.6,4571.64,4561.17,4570.1,8982,5,0
2026-05-04 15:45:00,4570.1,4576.26,4566.48,4568.74,7547,5,0
2026-05-04 16:00:00,4568.72,4575.84,4557.42,4565.84,17791,5,0
2026-05-04 16:15:00,4566.0,4567.6,4561.18,4561.2,9005,5,0
2026-05-04 16:30:00,4561.13,4570.8,4555.66,4565.5,19147,0,0
2026-05-04 16:45:00,4565.5,4566.96,4557.54,4564.09,16995,0,0
2026-05-04 17:00:00,4564.09,4565.84,4553.36,4560.23,18255,0,0
2026-05-04 17:15:00,4560.24,4582.46,4559.52,4571.28,14351,5,0
2026-05-04 17:30:00,4571.3,4583.29,4570.3,4574.46,11940,5,0
2026-05-04 17:45:00,4574.48,4577.1,4559.76,4561.55,13263,4,0
2026-05-04 18:00:00,4561.54,4566.11,4548.36,4548.58,15266,0,0
2026-05-04 18:15:00,4548.59,4555.52,4514.56,4537.92,28923,0,0
2026-05-04 18:30:00,4537.94,4542.98,4527.39,4535.05,20896,0,0
2026-05-04 18:45:00,4535.05,4535.21,4513.72,4521.48,18960,2,0
2026-05-04 19:00:00,4521.62,4525.46,4500.72,4509.7,20035,3,0
2026-05-04 19:15:00,4509.68,4527.0,4508.79,4514.97,19658,5,0
2026-05-04 19:30:00,4514.96,4518.84,4511.45,4512.55,12242,5,0
2026-05-04 19:45:00,4512.56,4516.03,4507.41,4510.62,11556,5,0
2026-05-04 20:00:00,4510.61,4526.13,4510.61,4522.36,11682,5,0
2026-05-04 20:15:00,4522.35,4531.56,4521.64,4524.44,11655,5,0
2026-05-04 20:30:00,4524.45,4527.56,4521.7,4526.02,8302,5,0
2026-05-04 20:45:00,4525.96,4526.78,4521.52,4522.31,6394,5,0
2026-05-04 21:00:00,4522.31,4525.3,4518.64,4519.96,6250,0,0
2026-05-04 21:15:00,4519.92,4520.18,4509.94,4512.0,7056,5,0
2026-05-04 21:30:00,4512.02,4515.04,4510.65,4511.91,6264,5,0
2026-05-04 21:45:00,4511.92,4516.45,4510.82,4516.31,6094,0,0
2026-05-04 22:00:00,4516.3,4523.36,4511.31,4518.96,8548,5,0
2026-05-04 22:15:00,4518.9,4526.0,4517.59,4522.44,7221,3,0
2026-05-04 22:30:00,4522.42,4527.21,4520.52,4521.27,5564,5,0
2026-05-04 22:45:00,4521.24,4523.46,4515.33,4517.76,7191,3,0
2026-05-04 23:00:00,4517.78,4518.12,4511.82,4514.81,3231,0,0
2026-05-04 23:15:00,4514.8,4515.7,4511.95,4515.28,1854,0,0
2026-05-04 23:30:00,4515.28,4518.8,4514.54,4518.58,1865,5,0
2026-05-04 23:45:00,4518.58,4523.8,4518.54,4523.73,1563,40,0
2026-05-05 01:00:00,4524.38,4525.31,4517.96,4521.13,2674,5,0
2026-05-05 01:15:00,4521.13,4522.84,4519.41,4519.9,1465,5,0
2026-05-05 01:30:00,4519.88,4522.28,4518.92,4519.15,1332,5,0
2026-05-05 01:45:00,4519.15,4519.4,4515.66,4517.51,1438,5,0
2026-05-05 02:00:00,4517.51,4521.05,4516.22,4520.5,1769,5,0
2026-05-05 02:15:00,4520.5,4521.61,4519.22,4521.1,1049,5,0
2026-05-05 02:30:00,4521.1,4521.42,4518.32,4518.52,1083,5,0
2026-05-05 02:45:00,4518.52,4520.8,4517.2,4518.98,2057,5,0
2026-05-05 03:00:00,4519.0,4528.61,4517.69,4527.94,4390,5,0
2026-05-05 03:15:00,4527.94,4527.94,4513.66,4517.15,4968,5,0
2026-05-05 03:30:00,4517.14,4524.23,4516.08,4523.87,2933,5,0
2026-05-05 03:45:00,4523.91,4530.41,4523.88,4530.16,3217,5,0
2026-05-05 04:00:00,4530.14,4539.52,4525.41,4538.8,5324,5,0
2026-05-05 04:15:00,4538.78,4540.06,4535.27,4537.82,4467,5,0
2026-05-05 04:30:00,4537.82,4542.36,4534.12,4536.99,5445,5,0
2026-05-05 04:45:00,4536.99,4541.35,4536.23,4541.01,3572,5,0
2026-05-05 05:00:00,4541.0,4542.69,4537.49,4538.58,3285,5,0
2026-05-05 05:15:00,4538.58,4541.8,4534.76,4541.56,2641,5,0
2026-05-05 05:30:00,4541.56,4545.97,4540.22,4544.49,2521,5,0
2026-05-05 05:45:00,4544.49,4546.69,4538.88,4539.11,4070,5,0
2026-05-05 06:00:00,4539.11,4542.35,4537.65,4542.12,2620,5,0
2026-05-05 06:15:00,4542.12,4542.77,4537.36,4538.14,2262,5,0
2026-05-05 06:30:00,4538.11,4539.38,4535.67,4536.21,2545,5,0
2026-05-05 06:45:00,4536.26,4537.16,4532.52,4534.69,2204,3,0
2026-05-05 07:00:00,4534.7,4535.85,4532.68,4533.0,1717,5,0
2026-05-05 07:15:00,4533.04,4534.02,4529.54,4529.65,2403,5,0
2026-05-05 07:30:00,4529.65,4533.87,4527.81,4531.71,2754,5,0
2026-05-05 07:45:00,4531.71,4536.7,4531.29,4533.71,2898,5,0
2026-05-05 08:00:00,4533.71,4545.58,4531.41,4540.37,4826,0,0
2026-05-05 08:15:00,4540.38,4540.51,4535.75,4539.97,3520,5,0
2026-05-05 08:30:00,4539.97,4551.84,4539.77,4546.08,6632,5,0
2026-05-05 08:45:00,4546.08,4548.9,4543.52,4545.71,4223,5,0
2026-05-05 09:00:00,4545.71,4552.15,4541.69,4543.68,6837,1,0
2026-05-05 09:15:00,4543.68,4544.86,4533.82,4536.96,6131,6,0
2026-05-05 09:30:00,4536.96,4549.56,4536.34,4546.11,6862,5,0
2026-05-05 09:45:00,4546.08,4550.96,4545.54,4548.14,5179,4,0
2026-05-05 10:00:00,4548.14,4555.1,4547.57,4554.11,7000,5,0
2026-05-05 10:15:00,4554.09,4555.66,4548.45,4548.92,4738,5,0
2026-05-05 10:30:00,4548.92,4558.4,4548.92,4551.34,6974,5,0
2026-05-05 10:45:00,4551.32,4551.92,4543.39,4545.58,5595,0,0
2026-05-05 11:00:00,4545.57,4553.5,4545.55,4551.12,5932,5,0
2026-05-05 11:15:00,4551.1,4554.7,4549.1,4551.47,6174,5,0
2026-05-05 11:30:00,4551.46,4553.14,4547.95,4549.83,5323,5,0
2026-05-05 11:45:00,4549.82,4559.69,4548.21,4558.39,5396,5,0
2026-05-05 12:00:00,4558.42,4560.44,4553.69,4557.77,6167,5,0
2026-05-05 12:15:00,4557.77,4557.93,4552.36,4552.4,4841,5,0
2026-05-05 12:30:00,4552.42,4558.34,4551.15,4555.55,4941,3,0
2026-05-05 12:45:00,4555.57,4557.65,4552.85,4556.32,4085,5,0
2026-05-05 13:00:00,4556.32,4556.91,4550.78,4553.12,4180,6,0
2026-05-05 13:15:00,4553.12,4555.06,4546.98,4547.98,4042,5,0
2026-05-05 13:30:00,4547.98,4554.12,4544.3,4545.13,5771,0,0
2026-05-05 13:45:00,4545.17,4545.81,4540.3,4543.78,4938,5,0
2026-05-05 14:00:00,4543.79,4553.17,4539.92,4552.69,6781,5,0
2026-05-05 14:15:00,4552.72,4557.66,4549.97,4556.06,6274,5,0
2026-05-05 14:30:00,4556.06,4564.7,4555.13,4563.47,6576,5,0
2026-05-05 14:45:00,4563.48,4564.94,4559.21,4562.58,5253,5,0
2026-05-05 15:00:00,4562.8,4567.0,4554.24,4564.91,11166,5,0
2026-05-05 15:15:00,4565.07,4574.39,4561.22,4573.94,9621,1,0
2026-05-05 15:30:00,4573.95,4574.79,4566.81,4567.28,5687,5,0
2026-05-05 15:45:00,4567.28,4568.66,4561.84,4564.66,4717,0,0
2026-05-05 16:00:00,4564.61,4581.12,4564.38,4578.85,8060,3,0
2026-05-05 16:15:00,4578.88,4584.94,4576.26,4576.94,8306,0,0
2026-05-05 16:30:00,4576.92,4581.85,4571.78,4574.06,13008,0,0
2026-05-05 16:45:00,4574.06,4583.13,4572.94,4579.45,9090,5,0
2026-05-05 17:00:00,4579.44,4584.38,4570.82,4573.57,9487,5,0
2026-05-05 17:15:00,4573.58,4586.68,4565.98,4584.38,11347,2,0
2026-05-05 17:30:00,4584.36,4585.78,4577.66,4583.05,7995,5,0
2026-05-05 17:45:00,4583.05,4583.07,4575.55,4582.42,5951,5,0
2026-05-05 18:00:00,4582.4,4583.88,4577.82,4580.86,6234,5,0
2026-05-05 18:15:00,4580.89,4581.6,4575.5,4578.92,5739,0,0
2026-05-05 18:30:00,4578.93,4581.09,4572.63,4572.95,6354,5,0
2026-05-05 18:45:00,4572.96,4575.98,4568.45,4568.66,5428,5,0
2026-05-05 19:00:00,4568.62,4569.02,4562.4,4566.36,5469,5,0
2026-05-05 19:15:00,4566.36,4566.36,4556.21,4559.74,5793,3,0
2026-05-05 19:30:00,4559.76,4560.24,4553.76,4556.76,6514,5,0
2026-05-05 19:45:00,4556.73,4562.98,4555.76,4561.3,4885,5,0
2026-05-05 20:00:00,4561.3,4562.7,4553.32,4556.26,5374,4,0
2026-05-05 20:15:00,4556.26,4561.52,4556.15,4558.71,5749,5,0
2026-05-05 20:30:00,4558.79,4562.85,4556.18,4560.56,5368,5,0
2026-05-05 20:45:00,4560.56,4562.37,4558.38,4560.0,3142,5,0
2026-05-05 21:00:00,4560.04,4564.94,4558.76,4564.41,3296,5,0
2026-05-05 21:15:00,4564.42,4565.56,4561.28,4562.21,3548,2,0
2026-05-05 21:30:00,4562.21,4562.67,4557.7,4561.6,3595,5,0
2026-05-05 21:45:00,4561.61,4565.83,4559.71,4561.08,3852,5,0
2026-05-05 22:00:00,4561.06,4561.56,4556.93,4557.38,3529,5,0
2026-05-05 22:15:00,4557.36,4558.94,4554.98,4556.3,3136,5,0
2026-05-05 22:30:00,4556.28,4558.18,4555.66,4555.74,2420,5,0
2026-05-05 22:45:00,4555.74,4558.94,4551.59,4554.74,5242,5,0
2026-05-05 23:00:00,4554.77,4557.18,4554.06,4557.04,1838,5,0
2026-05-05 23:15:00,4557.04,4559.87,4555.51,4559.32,2151,5,0
2026-05-05 23:30:00,4559.31,4560.08,4554.62,4555.25,1670,5,0
2026-05-05 23:45:00,4555.35,4557.33,4554.28,4557.26,1311,50,0
2026-05-06 01:00:00,4560.32,4560.73,4549.11,4550.56,3675,5,0
2026-05-06 01:15:00,4550.5,4551.09,4546.49,4546.81,2766,5,0
2026-05-06 01:30:00,4546.81,4550.93,4546.36,4548.86,1714,5,0
2026-05-06 01:45:00,4548.86,4577.23,4547.07,4573.14,7215,5,0
2026-05-06 02:00:00,4573.11,4590.58,4569.45,4588.83,8251,4,0
2026-05-06 02:15:00,4588.84,4589.58,4582.1,4582.21,5956,5,0
2026-05-06 02:30:00,4582.19,4588.54,4579.52,4585.02,4028,5,0
2026-05-06 02:45:00,4584.99,4595.75,4584.72,4594.06,4335,5,0
2026-05-06 03:00:00,4594.05,4598.49,4589.36,4591.73,7854,5,0
2026-05-06 03:15:00,4591.72,4604.21,4588.28,4602.28,7297,4,0
2026-05-06 03:30:00,4602.28,4610.82,4602.01,4610.4,4973,5,0
2026-05-06 03:45:00,4610.39,4619.76,4609.6,4618.81,5357,0,0
2026-05-06 04:00:00,4618.82,4622.76,4609.52,4611.55,8704,4,0
2026-05-06 04:15:00,4611.6,4625.68,4609.79,4625.05,5695,5,0
2026-05-06 04:30:00,4625.08,4626.18,4620.44,4623.95,5548,5,0
2026-05-06 04:45:00,4623.96,4628.59,4623.56,4626.08,5355,5,0
2026-05-06 05:00:00,4625.96,4634.39,4625.33,4633.42,5044,5,0
2026-05-06 05:15:00,4633.4,4636.44,4629.81,4630.09,4754,2,0
2026-05-06 05:30:00,4630.09,4635.19,4626.83,4634.65,5774,5,0
2026-05-06 05:45:00,4634.57,4641.88,4633.87,4640.83,4138,5,0
2026-05-06 06:00:00,4640.83,4650.38,4638.54,4647.89,3929,0,0
2026-05-06 06:15:00,4647.89,4651.16,4644.52,4645.78,3388,5,0
2026-05-06 06:30:00,4645.78,4652.08,4642.65,4647.86,3465,5,0
2026-05-06 06:45:00,4647.86,4648.51,4642.92,4643.93,2940,5,0
2026-05-06 07:00:00,4643.79,4647.76,4643.48,4647.74,3311,5,0
2026-05-06 07:15:00,4647.74,4653.7,4645.68,4653.53,4945,0,0
2026-05-06 07:30:00,4652.88,4652.88,4646.11,4647.86,6178,5,0
2026-05-06 07:45:00,4647.86,4652.76,4647.28,4649.06,4817,5,0
2026-05-06 08:00:00,4649.06,4656.5,4648.97,4655.02,4519,5,0
2026-05-06 08:15:00,4655.02,4655.44,4649.73,4650.46,4040,5,0
2026-05-06 08:30:00,4650.47,4652.08,4644.68,4650.13,6347,5,0
2026-05-06 08:45:00,4650.13,4663.82,4649.33,4663.07,6332,5,0
2026-05-06 09:00:00,4663.08,4665.92,4657.11,4660.46,7467,5,0
2026-05-06 09:15:00,4660.44,4666.78,4658.01,4666.18,5714,5,0
2026-05-06 09:30:00,4666.18,4668.76,4660.1,4664.21,6885,5,0
2026-05-06 09:45:00,4664.21,4669.74,4662.94,4669.26,5508,5,0
2026-05-06 10:00:00,4669.29,4670.38,4658.5,4658.6,4811,5,0
2026-05-06 10:15:00,4658.56,4669.98,4657.51,4667.62,5000,5,0
2026-05-06 10:30:00,4667.62,4670.18,4663.14,4670.17,5584,5,0
2026-05-06 10:45:00,4670.53,4681.82,4670.23,4681.59,8535,5,0
2026-05-06 11:00:00,4681.56,4682.41,4675.36,4679.58,7924,5,0
2026-05-06 11:15:00,4679.58,4680.81,4676.87,4677.08,4702,5,0
2026-05-06 11:30:00,4677.09,4678.86,4671.68,4677.58,4944,5,0
2026-05-06 11:45:00,4677.57,4702.88,4677.44,4700.22,16520,0,0
2026-05-06 12:00:00,4700.21,4708.56,4689.03,4695.74,13339,5,0
2026-05-06 12:15:00,4695.76,4704.96,4691.49,4700.17,11010,4,0
2026-05-06 12:30:00,4700.18,4706.15,4695.96,4696.1,9965,5,0
2026-05-06 12:45:00,4696.11,4702.9,4694.43,4701.9,7302,5,0
2026-05-06 13:00:00,4701.91,4705.87,4696.09,4698.33,8500,4,0
2026-05-06 13:15:00,4698.32,4704.7,4695.69,4704.49,6840,5,0
2026-05-06 13:30:00,4704.49,4716.11,4704.48,4714.14,9209,2,0
2026-05-06 13:45:00,4714.15,4723.06,4707.66,4718.11,13110,0,0
2026-05-06 14:00:00,4718.12,4721.35,4709.3,4712.17,11772,5,0
2026-05-06 14:15:00,4712.13,4713.7,4705.73,4705.75,9267,0,0
2026-05-06 14:30:00,4705.76,4715.46,4697.73,4699.65,10895,4,0
2026-05-06 14:45:00,4699.66,4702.72,4690.86,4692.22,11487,4,0
2026-05-06 15:00:00,4692.23,4693.23,4670.34,4672.67,15504,1,0
2026-05-06 15:15:00,4672.9,4688.82,4660.0,4683.41,17611,1,0
2026-05-06 15:30:00,4683.42,4685.41,4678.16,4682.78,11533,5,0
2026-05-06 15:45:00,4682.78,4684.71,4676.88,4683.36,9079,5,0
2026-05-06 16:00:00,4683.37,4692.44,4668.84,4683.64,16883,0,0
2026-05-06 16:15:00,4683.64,4691.22,4679.62,4685.2,11650,5,0
2026-05-06 16:30:00,4685.23,4699.23,4680.3,4695.31,18048,5,0
2026-05-06 16:45:00,4695.35,4707.8,4692.58,4702.13,15219,5,0
2026-05-06 17:00:00,4702.15,4712.53,4697.63,4711.11,16908,2,0
2026-05-06 17:15:00,4711.12,4717.44,4704.86,4705.75,13483,5,0
2026-05-06 17:30:00,4705.82,4714.68,4704.71,4713.35,13754,5,0
2026-05-06 17:45:00,4713.34,4713.98,4700.8,4703.07,11621,5,0
2026-05-06 18:00:00,4703.08,4705.83,4693.54,4696.63,9658,5,0
2026-05-06 18:15:00,4696.69,4703.3,4694.38,4695.51,7676,5,0
2026-05-06 18:30:00,4695.51,4697.97,4689.37,4692.88,8020,5,0
2026-05-06 18:45:00,4692.96,4695.0,4687.9,4687.98,8572,0,0
2026-05-06 19:00:00,4687.97,4688.6,4681.39,4683.76,8979,5,0
2026-05-06 19:15:00,4683.77,4688.58,4682.72,4688.05,7400,5,0
2026-05-06 19:30:00,4688.07,4692.11,4685.53,4688.73,8181,5,0
2026-05-06 19:45:00,4688.76,4690.01,4679.58,4683.21,9449,5,0
2026-05-06 20:00:00,4683.21,4688.12,4679.65,4685.6,6843,5,0
2026-05-06 20:15:00,4685.6,4686.18,4680.14,4683.09,5923,2,0
2026-05-06 20:30:00,4683.08,4683.51,4678.96,4680.71,5276,5,0
2026-05-06 20:45:00,4680.69,4684.62,4680.46,4684.13,4219,5,0
2026-05-06 21:00:00,4684.13,4687.58,4681.94,4686.87,4725,5,0
2026-05-06 21:15:00,4686.87,4690.52,4686.53,4687.78,4113,5,0
2026-05-06 21:30:00,4687.78,4690.33,4685.24,4686.31,3995,5,0
2026-05-06 21:45:00,4686.31,4688.16,4684.95,4686.14,3984,5,0
2026-05-06 22:00:00,4686.1,4695.86,4686.1,4695.34,4469,5,0
2026-05-06 22:15:00,4695.34,4700.21,4695.04,4698.51,4514,5,0
2026-05-06 22:30:00,4698.49,4699.06,4693.93,4695.42,4551,5,0
2026-05-06 22:45:00,4695.41,4698.47,4692.5,4692.5,5401,5,0
2026-05-06 23:00:00,4692.51,4699.67,4692.5,4699.09,3600,5,0
2026-05-06 23:15:00,4699.11,4699.62,4692.0,4692.69,2503,5,0
2026-05-06 23:30:00,4692.68,4693.13,4688.62,4688.66,2112,5,0
2026-05-06 23:45:00,4688.64,4691.66,4685.06,4690.84,2158,36,0
2026-05-07 01:00:00,4698.19,4698.35,4689.05,4697.3,3870,5,0
2026-05-07 01:15:00,4697.3,4699.88,4693.45,4695.61,2602,5,0
2026-05-07 01:30:00,4695.57,4699.68,4694.52,4698.78,2042,5,0
2026-05-07 01:45:00,4698.78,4698.82,4694.42,4694.92,2155,5,0
2026-05-07 02:00:00,4694.94,4698.52,4694.03,4694.42,2097,5,0
2026-05-07 02:15:00,4694.4,4697.82,4690.29,4693.42,2425,0,0
2026-05-07 02:30:00,4693.41,4694.36,4691.75,4693.62,1588,5,0
2026-05-07 02:45:00,4693.62,4699.65,4693.6,4699.04,3033,5,0
2026-05-07 03:00:00,4699.04,4700.94,4690.02,4700.01,7502,5,0
2026-05-07 03:15:00,4699.99,4701.2,4692.22,4692.52,7389,5,0
2026-05-07 03:30:00,4692.52,4693.45,4686.05,4688.37,6551,2,0
2026-05-07 03:45:00,4688.37,4691.66,4685.5,4688.63,5452,5,0
2026-05-07 04:00:00,4688.63,4711.25,4685.22,4709.77,9800,1,0
2026-05-07 04:15:00,4709.76,4716.51,4703.68,4704.19,8729,5,0
2026-05-07 04:30:00,4704.19,4717.98,4702.28,4712.85,7654,5,0
2026-05-07 04:45:00,4712.85,4721.28,4712.71,4714.77,6070,5,0
2026-05-07 05:00:00,4714.77,4718.5,4703.6,4704.16,5648,5,0
2026-05-07 05:15:00,4704.16,4707.85,4701.86,4702.89,5547,5,0
2026-05-07 05:30:00,4702.88,4705.45,4699.94,4704.2,5705,5,0
2026-05-07 05:45:00,4704.2,4709.95,4704.17,4707.38,3424,5,0
2026-05-07 06:00:00,4707.38,4709.93,4704.26,4705.96,3698,5,0
2026-05-07 06:15:00,4705.95,4708.84,4704.32,4704.44,2821,5,0
2026-05-07 06:30:00,4704.41,4705.02,4702.28,4703.95,2333,5,0
2026-05-07 06:45:00,4703.95,4704.79,4699.02,4699.22,2525,5,0
2026-05-07 07:00:00,4699.16,4700.93,4696.73,4696.77,4159,5,0
2026-05-07 07:15:00,4696.77,4698.54,4695.13,4696.66,3025,5,0
2026-05-07 07:30:00,4697.05,4699.22,4692.32,4698.0,2464,5,0
2026-05-07 07:45:00,4698.0,4699.0,4694.13,4696.45,2851,5,0
2026-05-07 08:00:00,4696.46,4701.3,4696.32,4700.46,2779,5,0
2026-05-07 08:15:00,4700.46,4700.76,4694.76,4695.96,3157,5,0
2026-05-07 08:30:00,4695.96,4705.96,4694.82,4703.62,5277,0,0
2026-05-07 08:45:00,4703.63,4706.58,4700.74,4701.07,4435,5,0
2026-05-07 09:00:00,4701.08,4710.32,4701.08,4708.01,5638,5,0
2026-05-07 09:15:00,4707.98,4717.89,4707.22,4717.43,6636,5,0
2026-05-07 09:30:00,4717.41,4750.22,4716.12,4745.97,12193,6,0
2026-05-07 09:45:00,4745.97,4747.08,4735.89,4739.17,6887,4,0
2026-05-07 10:00:00,4739.16,4750.43,4731.7,4749.24,12145,0,0
2026-05-07 10:15:00,4749.25,4750.74,4737.78,4739.47,11436,5,0
2026-05-07 10:30:00,4739.47,4744.12,4738.23,4743.0,7752,5,0
2026-05-07 10:45:00,4743.02,4744.55,4737.18,4743.22,6817,1,0
2026-05-07 11:00:00,4743.22,4753.53,4742.55,4742.69,9704,5,0
2026-05-07 11:15:00,4742.69,4743.06,4733.84,4740.09,8763,5,0
2026-05-07 11:30:00,4740.09,4741.92,4733.97,4735.31,6210,5,0
2026-05-07 11:45:00,4735.3,4737.2,4730.98,4731.06,5790,0,0
2026-05-07 12:00:00,4731.06,4736.3,4721.82,4734.14,6847,0,0
2026-05-07 12:15:00,4734.14,4738.68,4731.6,4735.64,5366,5,0
2026-05-07 12:30:00,4735.69,4739.55,4733.16,4737.79,5610,5,0
2026-05-07 12:45:00,4737.81,4739.1,4725.92,4729.13,6111,5,0
2026-05-07 13:00:00,4729.13,4735.05,4726.59,4734.94,6253,5,0
2026-05-07 13:15:00,4734.94,4736.28,4728.6,4732.57,4856,0,0
2026-05-07 13:30:00,4732.56,4739.97,4728.08,4739.15,4861,4,0
2026-05-07 13:45:00,4739.13,4739.91,4735.25,4735.71,4491,0,0
2026-05-07 14:00:00,4735.78,4737.24,4728.44,4730.28,5454,7,0
2026-05-07 14:15:00,4730.28,4736.69,4727.36,4732.83,5895,1,0
2026-05-07 14:30:00,4732.85,4738.22,4731.98,4736.95,5439,5,0
2026-05-07 14:45:00,4736.94,4743.73,4734.06,4742.85,6430,5,0
2026-05-07 15:00:00,4742.85,4746.29,4739.52,4744.23,8008,6,0
2026-05-07 15:15:00,4744.2,4747.19,4732.94,4738.12,10050,5,0
2026-05-07 15:30:00,4738.27,4751.81,4737.33,4751.3,8598,3,0
2026-05-07 15:45:00,4751.31,4752.8,4744.9,4750.12,7582,4,0
2026-05-07 16:00:00,4750.14,4750.38,4731.38,4733.55,10260,5,0
2026-05-07 16:15:00,4733.55,4746.69,4731.43,4745.38,8013,5,0
2026-05-07 16:30:00,4745.31,4758.24,4743.35,4748.58,14488,5,0
2026-05-07 16:45:00,4748.59,4749.52,4737.43,4746.45,15810,5,0
2026-05-07 17:00:00,4746.44,4754.07,4742.59,4751.92,11882,4,0
2026-05-07 17:15:00,4751.94,4759.58,4741.08,4756.73,11965,0,0
2026-05-07 17:30:00,4756.72,4759.08,4747.66,4752.02,10835,0,0
2026-05-07 17:45:00,4751.96,4763.47,4751.26,4762.86,9416,5,0
2026-05-07 18:00:00,4762.86,4764.81,4754.68,4754.81,9818,4,0
2026-05-07 18:15:00,4754.82,4756.33,4736.06,4740.21,15332,5,0
2026-05-07 18:30:00,4740.22,4747.1,4739.05,4739.06,11803,5,0
2026-05-07 18:45:00,4739.06,4739.87,4726.44,4729.32,13890,2,0
2026-05-07 19:00:00,4729.26,4729.81,4713.42,4715.28,16005,0,0
2026-05-07 19:15:00,4715.25,4723.01,4704.23,4719.97,16185,5,0
2026-05-07 19:30:00,4719.98,4720.88,4710.56,4711.32,10831,0,0
2026-05-07 19:45:00,4711.32,4718.27,4710.63,4715.06,10412,5,0
2026-05-07 20:00:00,4715.06,4719.58,4711.8,4714.66,9013,4,0
2026-05-07 20:15:00,4714.64,4719.34,4687.8,4699.29,18760,0,0
2026-05-07 20:30:00,4699.25,4706.18,4693.56,4699.71,19110,5,0
2026-05-07 20:45:00,4699.72,4712.26,4697.98,4711.61,14171,5,0
2026-05-07 21:00:00,4711.6,4712.65,4705.28,4708.09,10580,5,0
2026-05-07 21:15:00,4708.08,4713.08,4705.59,4712.92,9106,5,0
2026-05-07 21:30:00,4712.92,4716.16,4703.18,4706.21,9958,5,0
2026-05-07 21:45:00,4706.19,4711.47,4695.42,4709.76,14961,4,0
2026-05-07 22:00:00,4709.76,4713.08,4705.11,4710.15,9844,5,0
2026-05-07 22:15:00,4710.15,4710.92,4697.83,4705.16,13801,5,0
2026-05-07 22:30:00,4705.16,4712.12,4703.72,4709.7,7766,5,0
2026-05-07 22:45:00,4709.72,4710.95,4702.82,4702.96,12025,5,0
2026-05-07 23:00:00,4702.92,4719.27,4702.9,4711.63,8082,3,0
2026-05-07 23:15:00,4711.63,4714.3,4709.33,4713.02,4418,5,0
2026-05-07 23:30:00,4713.03,4715.78,4696.32,4703.71,7456,3,0
2026-05-07 23:45:00,4703.71,4704.13,4686.14,4687.11,5808,40,0
2026-05-08 01:00:00,4678.6,4698.13,4677.53,4691.31,6601,5,0
2026-05-08 01:15:00,4691.3,4699.51,4689.27,4693.89,5254,5,0
2026-05-08 01:30:00,4693.89,4695.24,4686.13,4687.07,4078,5,0
2026-05-08 01:45:00,4687.07,4688.64,4681.83,4685.95,3245,5,0
2026-05-08 02:00:00,4685.96,4694.07,4684.65,4691.6,2984,5,0
2026-05-08 02:15:00,4691.61,4698.55,4691.61,4696.53,2497,5,0
2026-05-08 02:30:00,4696.4,4699.1,4694.98,4697.79,2452,5,0
2026-05-08 02:45:00,4697.86,4705.6,4697.85,4704.32,3453,5,0
2026-05-08 03:00:00,4704.28,4709.51,4701.52,4702.72,7528,4,0
2026-05-08 03:15:00,4702.79,4705.79,4694.0,4697.37,7222,5,0
2026-05-08 03:30:00,4697.34,4708.18,4696.24,4705.06,6594,3,0
2026-05-08 03:45:00,4705.07,4705.84,4697.08,4701.45,6465,5,0
2026-05-08 04:00:00,4701.45,4719.37,4700.29,4714.1,11002,1,0
2026-05-08 04:15:00,4714.1,4718.98,4711.39,4712.54,7662,5,0
2026-05-08 04:30:00,4712.5,4715.18,4705.13,4710.79,9131,5,0
2026-05-08 04:45:00,4710.81,4725.42,4710.79,4722.88,8741,5,0
2026-05-08 05:00:00,4722.9,4732.76,4721.6,4724.14,7980,5,0
2026-05-08 05:15:00,4724.1,4724.55,4718.26,4721.58,4569,5,0
2026-05-08 05:30:00,4721.58,4723.59,4707.03,4710.34,9901,5,0
2026-05-08 05:45:00,4710.34,4717.63,4708.6,4713.43,7351,5,0
2026-05-08 06:00:00,4713.42,4720.24,4711.08,4720.16,5464,5,0
2026-05-08 06:15:00,4720.11,4722.76,4717.12,4720.43,3663,5,0
2026-05-08 06:30:00,4720.41,4731.18,4720.05,4725.13,4918,4,0
2026-05-08 06:45:00,4725.07,4725.37,4718.1,4719.68,4403,5,0
2026-05-08 07:00:00,4719.66,4723.36,4714.92,4714.98,4816,5,0
2026-05-08 07:15:00,4714.98,4718.43,4713.38,4717.44,3124,5,0
2026-05-08 07:30:00,4717.44,4718.45,4708.99,4712.15,3825,5,0
2026-05-08 07:45:00,4712.15,4716.7,4709.85,4711.14,3597,5,0
2026-05-08 08:00:00,4711.13,4716.34,4709.72,4712.45,3850,5,0
2026-05-08 08:15:00,4712.35,4720.22,4710.55,4719.46,3889,5,0
2026-05-08 08:30:00,4719.45,4727.27,4719.4,4724.7,7332,0,0
2026-05-08 08:45:00,4724.68,4731.33,4723.35,4727.55,7188,5,0
2026-05-08 09:00:00,4727.56,4730.42,4712.5,4722.97,11385,5,0
2026-05-08 09:15:00,4722.96,4734.63,4721.65,4733.62,8038,5,0
2026-05-08 09:30:00,4733.64,4734.42,4725.68,4729.08,7240,5,0
2026-05-08 09:45:00,4729.1,4729.54,4721.21,4725.74,7125,5,0
2026-05-08 10:00:00,4725.74,4726.5,4715.38,4715.4,7260,5,0
2026-05-08 10:15:00,4715.38,4718.34,4697.1,4706.74,11604,5,0
2026-05-08 10:30:00,4706.73,4711.76,4701.33,4708.19,7827,5,0
2026-05-08 10:45:00,4708.21,4713.62,4707.08,4708.04,7339,4,0
2026-05-08 11:00:00,4708.03,4713.21,4706.74,4711.52,7074,5,0
2026-05-08 11:15:00,4711.49,4722.68,4711.37,4716.97,7624,5,0
2026-05-08 11:30:00,4716.97,4723.56,4716.48,4716.98,5269,5,0
2026-05-08 11:45:00,4716.98,4720.22,4715.02,4715.84,4823,5,0
2026-05-08 12:00:00,4715.85,4720.41,4713.52,4718.58,4997,5,0
2026-05-08 12:15:00,4718.65,4722.87,4717.88,4718.14,4128,5,0
2026-05-08 12:30:00,4718.14,4718.78,4709.44,4713.39,5343,5,0
2026-05-08 12:45:00,4713.39,4714.03,4707.56,4711.96,4887,5,0
2026-05-08 13:00:00,4711.96,4719.04,4711.07,4718.91,3440,5,0
2026-05-08 13:15:00,4718.91,4724.0,4717.59,4720.54,3386,5,0
2026-05-08 13:30:00,4720.53,4727.84,4720.38,4724.49,3945,5,0
2026-05-08 13:45:00,4724.49,4724.52,4715.3,4719.85,4882,5,0
2026-05-08 14:00:00,4719.83,4727.4,4718.85,4722.08,5985,5,0
2026-05-08 14:15:00,4722.08,4725.9,4720.19,4724.16,5245,5,0
2026-05-08 14:30:00,4724.14,4725.92,4721.15,4721.27,4534,3,0
2026-05-08 14:45:00,4721.26,4721.46,4713.71,4717.76,4669,5,0
2026-05-08 15:00:00,4717.76,4719.85,4703.89,4704.67,8023,5,0
2026-05-08 15:15:00,4704.67,4710.97,4702.57,4710.24,7425,5,0
2026-05-08 15:30:00,4710.46,4730.79,4701.31,4723.93,16297,0,0
2026-05-08 15:45:00,4723.95,4732.13,4719.33,4724.48,12937,5,0
2026-05-08 16:00:00,4724.49,4729.06,4716.52,4720.43,13855,0,0
2026-05-08 16:15:00,4720.43,4727.92,4719.52,4727.3,9230,5,0
2026-05-08 16:30:00,4727.3,4744.47,4726.86,4738.2,16524,2,0
2026-05-08 16:45:00,4738.17,4748.15,4734.94,4748.0,14245,5,0
2026-05-08 17:00:00,4747.95,4749.39,4718.66,4731.77,19862,5,0
2026-05-08 17:15:00,4731.77,4733.83,4719.08,4719.15,14599,5,0
2026-05-08 17:30:00,4719.14,4725.69,4714.42,4722.81,15166,5,0
2026-05-08 17:45:00,4722.83,4724.73,4713.36,4715.99,10936,5,0
2026-05-08 18:00:00,4715.96,4721.0,4706.14,4707.59,11538,0,0
2026-05-08 18:15:00,4707.66,4713.61,4704.43,4713.37,14495,0,0
2026-05-08 18:30:00,4713.35,4715.12,4704.07,4705.97,12847,5,0
2026-05-08 18:45:00,4705.96,4711.18,4702.1,4707.06,9565,0,0
2026-05-08 19:00:00,4707.08,4712.44,4705.48,4711.59,8222,5,0
2026-05-08 19:15:00,4711.59,4717.71,4711.51,4717.64,7052,5,0
2026-05-08 19:30:00,4717.62,4720.26,4713.28,4713.46,5654,5,0
2026-05-08 19:45:00,4713.48,4716.33,4711.14,4712.47,7019,5,0
2026-05-08 20:00:00,4712.47,4716.31,4712.17,4715.32,6909,5,0
2026-05-08 20:15:00,4715.33,4722.07,4715.3,4720.7,4913,5,0
2026-05-08 20:30:00,4720.69,4721.81,4719.58,4720.8,3588,5,0
2026-05-08 20:45:00,4720.83,4722.74,4719.4,4720.91,3347,5,0
2026-05-08 21:00:00,4720.91,4728.66,4720.52,4727.56,6772,5,0
2026-05-08 21:15:00,4727.62,4729.0,4723.94,4725.74,3869,5,0
2026-05-08 21:30:00,4725.74,4726.5,4724.04,4724.72,3450,5,0
2026-05-08 21:45:00,4724.72,4724.76,4719.96,4721.95,4843,5,0
2026-05-08 22:00:00,4721.94,4725.69,4721.03,4723.64,4181,5,0
2026-05-08 22:15:00,4723.64,4725.06,4723.39,4723.79,3029,5,0
2026-05-08 22:30:00,4723.79,4726.86,4721.77,4725.42,4830,5,0
2026-05-08 22:45:00,4725.42,4725.98,4722.95,4723.98,5993,5,0
2026-05-08 23:00:00,4724.02,4724.28,4717.17,4718.8,3116,5,0
2026-05-08 23:15:00,4718.76,4719.15,4715.24,4717.42,2332,5,0
2026-05-08 23:30:00,4717.42,4719.16,4715.78,4716.36,1490,5,0
2026-05-08 23:45:00,4716.36,4716.84,4714.61,4715.62,1051,40,0
2026-05-11 01:00:00,4679.06,4701.88,4675.56,4687.47,10579,0,0
2026-05-11 01:15:00,4687.47,4696.31,4681.78,4694.62,4722,5,0
2026-05-11 01:30:00,4694.62,4694.62,4687.06,4691.33,3893,5,0
2026-05-11 01:45:00,4691.33,4694.62,4690.05,4691.82,3764,5,0
2026-05-11 02:00:00,4691.82,4696.91,4688.87,4690.1,3396,5,0
2026-05-11 02:15:00,4690.19,4697.12,4689.09,4694.68,2674,5,0
2026-05-11 02:30:00,4694.68,4698.39,4694.68,4697.58,2375,5,0
2026-05-11 02:45:00,4697.58,4698.58,4690.1,4691.66,2484,5,0
2026-05-11 03:00:00,4691.66,4691.78,4680.31,4682.77,5547,5,0
2026-05-11 03:15:00,4682.77,4686.7,4675.99,4683.61,5634,5,0
2026-05-11 03:30:00,4683.61,4693.34,4683.61,4689.11,5177,2,0
2026-05-11 03:45:00,4689.11,4692.92,4670.12,4683.41,9816,5,0
2026-05-11 04:00:00,4683.38,4699.88,4674.71,4692.11,16188,5,0
2026-05-11 04:15:00,4692.11,4705.5,4689.65,4698.95,11565,5,0
2026-05-11 04:30:00,4698.96,4701.66,4690.8,4694.43,9783,5,0
2026-05-11 04:45:00,4694.43,4695.98,4680.04,4685.76,6716,5,0
2026-05-11 05:00:00,4685.76,4693.16,4678.48,4686.07,7647,5,0
2026-05-11 05:15:00,4686.08,4688.67,4682.89,4688.53,4221,5,0
2026-05-11 05:30:00,4688.53,4700.24,4687.92,4688.56,7379,5,0
2026-05-11 05:45:00,4688.56,4693.69,4676.52,4681.74,8137,5,0
2026-05-11 06:00:00,4681.74,4689.76,4675.06,4687.15,6615,5,0
2026-05-11 06:15:00,4687.15,4690.4,4683.9,4689.49,5809,5,0
2026-05-11 06:30:00,4689.49,4690.47,4682.17,4687.78,5286,5,0
2026-05-11 06:45:00,4687.78,4687.78,4676.99,4678.67,4588,0,0
2026-05-11 07:00:00,4678.67,4679.97,4673.4,4677.51,5005,5,0
2026-05-11 07:15:00,4677.51,4678.7,4670.32,4671.82,3996,0,0
2026-05-11 07:30:00,4671.82,4674.65,4668.53,4673.1,3646,5,0
2026-05-11 07:45:00,4673.1,4676.01,4671.85,4672.08,2316,5,0
2026-05-11 08:00:00,4672.08,4676.02,4670.72,4673.38,2786,5,0
2026-05-11 08:15:00,4673.38,4675.27,4670.76,4670.76,2840,5,0
2026-05-11 08:30:00,4670.72,4680.75,4662.14,4663.69,7065,0,0
2026-05-11 08:45:00,4663.69,4664.07,4648.16,4652.34,10698,0,0
2026-05-11 09:00:00,4652.34,4667.02,4649.26,4665.43,9233,2,0
2026-05-11 09:15:00,4665.44,4670.75,4664.74,4667.4,7764,6,0
2026-05-11 09:30:00,4667.4,4675.64,4667.38,4674.36,6274,0,0
2026-05-11 09:45:00,4674.36,4680.49,4671.38,4678.52,6376,0,0
2026-05-11 10:00:00,4678.52,4680.34,4674.5,4676.13,6279,0,0
2026-05-11 10:15:00,4676.13,4678.07,4672.28,4675.86,4692,3,0
2026-05-11 10:30:00,4675.86,4678.09,4671.8,4672.03,4609,5,0
2026-05-11 10:45:00,4672.03,4672.96,4664.4,4667.81,4361,5,0
2026-05-11 11:00:00,4667.81,4673.72,4664.23,4672.05,6035,5,0
2026-05-11 11:15:00,4672.05,4678.78,4671.49,4671.49,5454,5,0
2026-05-11 11:30:00,4671.47,4675.3,4669.2,4670.45,5224,5,0
2026-05-11 11:45:00,4670.46,4671.47,4666.85,4667.61,4014,5,0
2026-05-11 12:00:00,4667.64,4670.07,4665.28,4667.58,3774,5,0
2026-05-11 12:15:00,4667.58,4667.62,4656.96,4657.58,4330,5,0
2026-05-11 12:30:00,4657.58,4663.71,4650.58,4662.97,5568,5,0
2026-05-11 12:45:00,4662.97,4664.94,4656.2,4656.78,4180,5,0
2026-05-11 13:00:00,4656.78,4662.92,4656.42,4662.59,4353,5,0
2026-05-11 13:15:00,4662.59,4665.98,4660.47,4663.43,3267,5,0
2026-05-11 13:30:00,4663.43,4666.72,4660.36,4663.48,3552,5,0
2026-05-11 13:45:00,4663.52,4667.54,4661.43,4664.07,3863,3,0
2026-05-11 14:00:00,4664.07,4672.5,4664.07,4669.47,5129,5,0
2026-05-11 14:15:00,4669.47,4672.14,4667.63,4672.0,3550,5,0
2026-05-11 14:30:00,4672.0,4677.37,4670.32,4674.52,5044,5,0
2026-05-11 14:45:00,4674.52,4675.02,4670.37,4674.53,4349,5,0
2026-05-11 15:00:00,4674.53,4675.92,4667.48,4668.47,4977,5,0
2026-05-11 15:15:00,4668.47,4695.46,4667.5,4690.75,10239,5,0
2026-05-11 15:30:00,4690.75,4698.5,4689.22,4692.34,8970,0,0
2026-05-11 15:45:00,4692.34,4701.15,4686.41,4700.02,9136,0,0
2026-05-11 16:00:00,4700.02,4721.85,4698.78,4721.07,11892,5,0
2026-05-11 16:15:00,4721.07,4735.71,4720.74,4728.48,11413,2,0
2026-05-11 16:30:00,4728.48,4745.71,4728.34,4743.87,14616,0,0
2026-05-11 16:45:00,4743.87,4748.53,4734.82,4735.98,11844,1,0
2026-05-11 17:00:00,4735.96,4738.53,4718.52,4731.02,12436,5,0
2026-05-11 17:15:00,4731.02,4734.0,4724.58,4725.1,8906,5,0
2026-05-11 17:30:00,4725.1,4733.65,4715.32,4732.54,11859,3,0
2026-05-11 17:45:00,4732.63,4734.0,4723.77,4725.6,8093,0,0
2026-05-11 18:00:00,4725.6,4731.8,4722.98,4728.56,6891,2,0
2026-05-11 18:15:00,4728.56,4738.32,4727.36,4732.97,5777,5,0
2026-05-11 18:30:00,4732.97,4734.8,4726.72,4727.4,5757,5,0
2026-05-11 18:45:00,4727.38,4732.74,4725.1,4732.24,5906,5,0
2026-05-11 19:00:00,4732.24,4733.56,4727.11,4727.89,4348,5,0
2026-05-11 19:15:00,4727.89,4728.18,4722.48,4723.98,5168,5,0
2026-05-11 19:30:00,4723.95,4726.19,4708.04,4711.42,7631,0,0
2026-05-11 19:45:00,4711.42,4716.97,4709.09,4716.57,7409,5,0
2026-05-11 20:00:00,4716.56,4720.05,4715.98,4718.43,5129,5,0
2026-05-11 20:15:00,4718.43,4721.76,4717.21,4718.18,5061,0,0
2026-05-11 20:30:00,4718.18,4724.5,4717.85,4723.95,3807,5,0
2026-05-11 20:45:00,4723.95,4724.73,4721.88,4723.73,3395,5,0
2026-05-11 21:00:00,4723.73,4726.96,4722.15,4723.55,3858,5,0
2026-05-11 21:15:00,4723.55,4727.54,4721.03,4727.27,4455,3,0
2026-05-11 21:30:00,4727.27,4729.41,4725.74,4726.97,3080,5,0
2026-05-11 21:45:00,4726.97,4729.18,4724.9,4725.01,3379,5,0
2026-05-11 22:00:00,4725.01,4728.56,4723.75,4724.92,4473,5,0
2026-05-11 22:15:00,4724.92,4725.65,4723.06,4724.3,3556,5,0
2026-05-11 22:30:00,4724.3,4728.64,4722.48,4727.05,3526,5,0
2026-05-11 22:45:00,4727.05,4736.26,4727.05,4733.64,4857,5,0
2026-05-11 23:00:00,4733.65,4737.91,4730.06,4735.08,3661,5,0
2026-05-11 23:15:00,4735.08,4735.47,4733.55,4735.43,1759,5,0
2026-05-11 23:30:00,4735.43,4738.69,4735.0,4737.47,1576,5,0
2026-05-11 23:45:00,4737.47,4737.65,4732.43,4734.64,1501,40,0
2026-05-12 01:00:00,4735.46,4743.88,4735.21,4739.13,4158,5,0
2026-05-12 01:15:00,4739.13,4741.93,4737.35,4739.87,1196,5,0
2026-05-12 01:30:00,4739.87,4745.12,4739.0,4744.82,1494,5,0
2026-05-12 01:45:00,4744.82,4756.16,4744.32,4750.97,3402,5,0
2026-05-12 02:00:00,4750.97,4754.64,4746.18,4751.18,2968,5,0
2026-05-12 02:15:00,4751.18,4754.81,4750.6,4752.95,2178,5,0
2026-05-12 02:30:00,4752.95,4759.38,4751.46,4756.05,3338,5,0
2026-05-12 02:45:00,4756.05,4769.72,4755.38,4767.5,3947,5,0
2026-05-12 03:00:00,4767.5,4769.45,4758.6,4767.08,6693,5,0
2026-05-12 03:15:00,4767.08,4773.48,4753.5,4762.4,8418,5,0
2026-05-12 03:30:00,4762.4,4763.86,4757.61,4757.95,5364,5,0
2026-05-12 03:45:00,4757.95,4761.91,4748.6,4749.32,6088,5,0
2026-05-12 04:00:00,4749.32,4755.52,4742.18,4746.28,11236,5,0
2026-05-12 04:15:00,4746.28,4751.7,4733.73,4735.23,9059,5,0
2026-05-12 04:30:00,4735.23,4738.95,4720.43,4729.51,8471,5,0
2026-05-12 04:45:00,4729.22,4731.61,4723.83,4727.28,6558,5,0
2026-05-12 05:00:00,4727.28,4733.98,4725.46,4731.56,6467,5,0
2026-05-12 05:15:00,4731.56,4731.66,4724.47,4727.16,4571,5,0
2026-05-12 05:30:00,4727.16,4732.03,4722.32,4731.9,7718,5,0
2026-05-12 05:45:00,4731.9,4733.55,4727.2,4730.06,6510,0,0
2026-05-12 06:00:00,4730.06,4733.23,4727.23,4731.23,5817,5,0
2026-05-12 06:15:00,4731.23,4731.35,4722.99,4723.96,5578,5,0
2026-05-12 06:30:00,4723.96,4728.0,4723.91,4724.16,3683,5,0
2026-05-12 06:45:00,4724.15,4724.55,4718.2,4720.23,3131,5,0
2026-05-12 07:00:00,4720.23,4723.34,4719.76,4722.01,2923,5,0
2026-05-12 07:15:00,4721.99,4730.4,4721.78,4722.56,4310,5,0
2026-05-12 07:30:00,4722.56,4726.48,4721.41,4724.75,2530,5,0
2026-05-12 07:45:00,4724.75,4725.15,4711.28,4714.18,3835,5,0
2026-05-12 08:00:00,4714.18,4718.69,4708.8,4712.64,5356,5,0
2026-05-12 08:15:00,4712.64,4716.95,4712.59,4715.37,4039,5,0
2026-05-12 08:30:00,4715.37,4722.38,4713.2,4715.12,7460,5,0
2026-05-12 08:45:00,4715.14,4720.04,4710.18,4714.34,7386,5,0
2026-05-12 09:00:00,4714.34,4714.4,4702.95,4705.25,8409,0,0
2026-05-12 09:15:00,4705.25,4707.07,4695.33,4696.13,7306,6,0
2026-05-12 09:30:00,4696.13,4704.82,4695.44,4702.52,6809,2,0
2026-05-12 09:45:00,4702.52,4704.4,4694.58,4697.07,8424,5,0
2026-05-12 10:00:00,4697.07,4698.36,4686.8,4695.99,9128,5,0
2026-05-12 10:15:00,4695.99,4699.65,4693.91,4697.92,5649,5,0
2026-05-12 10:30:00,4697.92,4702.42,4695.64,4700.4,4799,5,0
2026-05-12 10:45:00,4700.4,4703.91,4697.69,4699.9,5249,5,0
2026-05-12 11:00:00,4699.9,4706.76,4699.28,4699.92,5603,5,0
2026-05-12 11:15:00,4699.94,4704.13,4697.16,4703.01,4650,5,0
2026-05-12 11:30:00,4702.91,4704.46,4698.1,4700.09,4726,5,0
2026-05-12 11:45:00,4700.09,4706.68,4698.98,4703.37,4837,5,0
2026-05-12 12:00:00,4703.42,4703.42,4698.0,4698.04,4227,5,0
2026-05-12 12:15:00,4698.04,4702.31,4697.54,4699.72,3533,5,0
2026-05-12 12:30:00,4699.72,4705.25,4694.48,4695.36,6036,5,0
2026-05-12 12:45:00,4695.38,4701.68,4694.33,4699.55,4308,0,0
2026-05-12 13:00:00,4699.55,4708.5,4698.82,4705.08,3623,5,0
2026-05-12 13:15:00,4705.08,4705.48,4698.98,4700.22,3567,5,0
2026-05-12 13:30:00,4700.22,4700.31,4685.22,4690.73,5869,5,0
2026-05-12 13:45:00,4690.73,4694.43,4690.0,4694.42,4407,5,0
2026-05-12 14:00:00,4694.42,4698.11,4687.28,4691.73,8161,5,0
2026-05-12 14:15:00,4691.73,4700.2,4691.63,4700.08,5207,5,0
2026-05-12 14:30:00,4700.08,4706.06,4697.86,4704.31,4976,5,0
2026-05-12 14:45:00,4704.31,4709.26,4702.48,4706.63,5139,5,0
2026-05-12 15:00:00,4706.65,4708.18,4698.39,4705.75,6414,5,0
2026-05-12 15:15:00,4705.75,4708.3,4695.07,4696.46,7212,5,0
2026-05-12 15:30:00,4696.46,4708.58,4689.75,4702.67,12564,0,0
2026-05-12 15:45:00,4702.67,4711.59,4700.48,4705.72,8476,5,0
2026-05-12 16:00:00,4705.73,4708.91,4687.47,4689.04,10970,3,0
2026-05-12 16:15:00,4689.17,4695.56,4679.4,4690.88,10259,0,0
2026-05-12 16:30:00,4690.88,4701.69,4683.66,4699.22,15196,5,0
2026-05-12 16:45:00,4699.22,4701.44,4676.89,4679.28,13989,4,0
2026-05-12 17:00:00,4679.28,4695.23,4676.02,4692.9,13930,5,0
2026-05-12 17:15:00,4692.9,4694.18,4682.41,4683.32,10200,0,0
2026-05-12 17:30:00,4683.32,4688.0,4671.66,4685.87,13498,2,0
2026-05-12 17:45:00,4685.86,4685.86,4669.54,4672.91,13316,5,0
2026-05-12 18:00:00,4672.91,4676.22,4664.45,4664.61,11952,5,0
2026-05-12 18:15:00,4664.61,4666.1,4638.22,4655.98,17749,0,0
2026-05-12 18:30:00,4656.0,4668.06,4654.02,4665.67,10419,2,0
2026-05-12 18:45:00,4665.67,4670.16,4664.49,4666.15,7076,5,0
2026-05-12 19:00:00,4666.15,4673.15,4664.18,4671.98,6079,6,0
2026-05-12 19:15:00,4671.98,4675.18,4666.35,4668.36,5663,2,0
2026-05-12 19:30:00,4668.4,4671.76,4665.14,4669.91,5974,5,0
2026-05-12 19:45:00,4669.91,4674.31,4666.86,4671.21,6849,5,0
2026-05-12 20:00:00,4671.21,4679.73,4671.21,4677.26,6066,5,0
2026-05-12 20:15:00,4677.26,4682.5,4677.1,4679.42,4967,5,0
2026-05-12 20:30:00,4679.42,4680.78,4676.08,4679.78,4124,5,0
2026-05-12 20:45:00,4679.78,4680.64,4677.87,4678.88,3826,5,0
2026-05-12 21:00:00,4678.88,4683.66,4676.25,4681.36,6655,5,0
2026-05-12 21:15:00,4681.36,4687.59,4680.06,4685.29,6364,4,0
2026-05-12 21:30:00,4685.29,4697.58,4684.8,4695.24,5983,0,0
2026-05-12 21:45:00,4695.24,4698.14,4690.64,4696.03,5954,5,0
2026-05-12 22:00:00,4696.03,4702.58,4696.03,4699.95,4188,5,0
2026-05-12 22:15:00,4699.95,4704.51,4699.15,4703.53,4867,5,0
2026-05-12 22:30:00,4703.53,4710.42,4703.53,4709.4,4501,5,0
2026-05-12 22:45:00,4709.4,4715.71,4709.14,4715.67,5361,5,0
2026-05-12 23:00:00,4715.67,4719.3,4712.21,4713.55,3745,0,0
2026-05-12 23:15:00,4713.55,4716.22,4712.58,4713.28,2475,5,0
2026-05-12 23:30:00,4713.28,4715.35,4711.9,4714.64,1812,5,0
2026-05-12 23:45:00,4714.64,4715.8,4713.17,4715.15,1752,2,0
2026-05-13 01:00:00,4715.39,4721.81,4712.4,4714.71,4415,5,0
2026-05-13 01:15:00,4714.71,4719.42,4713.51,4717.16,3902,5,0
2026-05-13 01:30:00,4717.16,4720.37,4715.0,4716.38,3021,5,0
2026-05-13 01:45:00,4716.38,4722.52,4716.3,4717.09,2738,5,0
2026-05-13 02:00:00,4717.09,4723.18,4715.93,4717.68,3200,5,0
2026-05-13 02:15:00,4717.68,4723.92,4717.43,4720.26,2976,5,0
2026-05-13 02:30:00,4720.26,4721.88,4716.28,4721.21,3711,5,0
2026-05-13 02:45:00,4721.22,4723.46,4715.22,4717.01,5546,5,0
2026-05-13 03:00:00,4717.1,4726.78,4714.94,4720.3,8272,5,0
2026-05-13 03:15:00,4720.3,4726.36,4720.05,4722.6,6897,5,0
2026-05-13 03:30:00,4722.6,4725.26,4716.94,4720.5,6242,4,0
2026-05-13 03:45:00,4720.47,4720.47,4714.1,4714.54,5821,4,0
2026-05-13 04:00:00,4714.76,4717.14,4707.55,4709.7,8012,5,0
2026-05-13 04:15:00,4709.7,4710.72,4702.96,4704.58,5822,5,0
2026-05-13 04:30:00,4704.58,4710.49,4701.75,4709.0,6650,5,0
2026-05-13 04:45:00,4709.0,4710.83,4701.16,4702.6,5291,5,0
2026-05-13 05:00:00,4702.53,4707.64,4699.05,4701.52,4003,5,0
2026-05-13 05:15:00,4701.52,4704.08,4698.41,4700.46,3116,4,0
2026-05-13 05:30:00,4700.46,4700.5,4694.11,4694.52,4943,0,0
2026-05-13 05:45:00,4694.52,4697.15,4687.72,4692.08,7548,5,0
2026-05-13 06:00:00,4692.06,4694.51,4689.01,4692.38,5674,5,0
2026-05-13 06:15:00,4692.38,4700.72,4691.23,4700.65,3391,5,0
2026-05-13 06:30:00,4700.65,4705.98,4700.32,4703.98,2695,5,0
2026-05-13 06:45:00,4703.98,4704.92,4694.37,4696.09,2336,5,0
2026-05-13 07:00:00,4696.09,4698.96,4695.54,4698.41,2310,5,0
2026-05-13 07:15:00,4698.41,4703.47,4698.06,4701.41,2193,5,0
2026-05-13 07:30:00,4701.41,4703.37,4697.4,4698.74,2696,5,0
2026-05-13 07:45:00,4698.74,4701.83,4698.29,4699.64,3099,5,0
2026-05-13 08:00:00,4699.64,4707.38,4698.5,4705.45,3735,5,0
2026-05-13 08:15:00,4705.45,4705.72,4697.91,4698.14,4267,5,0
2026-05-13 08:30:00,4698.2,4702.76,4693.8,4696.78,6878,5,0
2026-05-13 08:45:00,4696.78,4705.42,4696.43,4704.06,5012,5,0
2026-05-13 09:00:00,4704.06,4712.84,4703.42,4710.83,6095,5,0
2026-05-13 09:15:00,4710.83,4715.49,4706.97,4708.86,5492,1,0
2026-05-13 09:30:00,4708.86,4713.75,4707.8,4711.46,5339,5,0
2026-05-13 09:45:00,4711.46,4712.52,4699.04,4701.82,5820,2,0
2026-05-13 10:00:00,4701.8,4705.53,4696.77,4702.33,6647,5,0
2026-05-13 10:15:00,4702.33,4708.85,4702.32,4707.64,4648,5,0
2026-05-13 10:30:00,4707.64,4707.86,4703.13,4703.72,3475,5,0
2026-05-13 10:45:00,4703.72,4704.79,4701.39,4702.93,3900,5,0
2026-05-13 11:00:00,4702.93,4704.35,4698.54,4700.27,4768,5,0
2026-05-13 11:15:00,4700.27,4701.14,4694.84,4697.16,4558,5,0
2026-05-13 11:30:00,4697.16,4699.87,4694.55,4696.04,3640,5,0
2026-05-13 11:45:00,4696.05,4702.96,4694.69,4700.73,4985,5,0
2026-05-13 12:00:00,4700.73,4701.62,4693.67,4694.58,4781,5,0
2026-05-13 12:15:00,4694.6,4695.29,4686.07,4688.92,4692,4,0
2026-05-13 12:30:00,4688.92,4694.5,4686.08,4694.18,4683,5,0
2026-05-13 12:45:00,4694.18,4701.07,4693.17,4700.96,4130,5,0
2026-05-13 13:00:00,4700.96,4710.62,4698.8,4702.34,6349,5,0
2026-05-13 13:15:00,4702.32,4705.95,4698.81,4699.7,4801,5,0
2026-05-13 13:30:00,4699.7,4699.98,4694.14,4695.79,4823,5,0
2026-05-13 13:45:00,4695.79,4696.74,4693.81,4694.23,3714,5,0
2026-05-13 14:00:00,4694.23,4699.28,4691.59,4699.15,5556,5,0
2026-05-13 14:15:00,4699.14,4700.6,4695.96,4698.6,5075,5,0
2026-05-13 14:30:00,4698.6,4705.41,4698.25,4703.45,6183,0,0
2026-05-13 14:45:00,4703.45,4705.64,4697.45,4697.45,5138,5,0
2026-05-13 15:00:00,4697.45,4701.68,4693.56,4694.04,5423,5,0
2026-05-13 15:15:00,4694.02,4694.23,4683.3,4684.77,9827,4,0
2026-05-13 15:30:00,4684.77,4687.34,4675.6,4682.96,14762,4,0
2026-05-13 15:45:00,4682.96,4685.58,4677.56,4683.88,9522,5,0
2026-05-13 16:00:00,4683.66,4691.09,4683.56,4689.91,9445,4,0
2026-05-13 16:15:00,4689.91,4694.66,4686.54,4688.78,6948,0,0
2026-05-13 16:30:00,4688.81,4690.92,4673.12,4678.78,16673,0,0
2026-05-13 16:45:00,4678.78,4683.32,4669.47,4679.41,14186,1,0
2026-05-13 17:00:00,4679.41,4683.46,4672.87,4681.3,13375,5,0
2026-05-13 17:15:00,4681.3,4685.54,4673.42,4684.29,10672,4,0
2026-05-13 17:30:00,4684.3,4691.06,4683.18,4683.84,10475,5,0
2026-05-13 17:45:00,4683.84,4685.05,4677.26,4679.84,10446,5,0
2026-05-13 18:00:00,4679.84,4690.82,4678.99,4687.59,9173,5,0
2026-05-13 18:15:00,4687.59,4691.78,4685.34,4691.19,7729,5,0
2026-05-13 18:30:00,4691.19,4699.95,4686.96,4699.34,7939,5,0
2026-05-13 18:45:00,4699.34,4699.59,4694.63,4695.54,6745,4,0
2026-05-13 19:00:00,4695.54,4702.94,4695.15,4702.14,6347,5,0
2026-05-13 19:15:00,4702.16,4709.84,4698.74,4706.99,8324,1,0
2026-05-13 19:30:00,4706.97,4707.74,4699.86,4700.05,6905,5,0
2026-05-13 19:45:00,4700.05,4701.74,4695.09,4695.76,5931,5,0
2026-05-13 20:00:00,4695.76,4701.1,4695.76,4699.8,5077,5,0
2026-05-13 20:15:00,4699.8,4701.27,4696.63,4698.43,5757,5,0
2026-05-13 20:30:00,4698.43,4698.54,4690.25,4691.21,5886,5,0
2026-05-13 20:45:00,4691.21,4694.43,4684.64,4685.65,5437,5,0
2026-05-13 21:00:00,4685.65,4692.73,4684.48,4692.51,4876,5,0
2026-05-13 21:15:00,4692.51,4694.06,4688.86,4692.05,4606,5,0
2026-05-13 21:30:00,4692.05,4692.8,4685.82,4686.14,4152,5,0
2026-05-13 21:45:00,4686.14,4687.63,4677.65,4685.01,7700,5,0
2026-05-13 22:00:00,4685.01,4689.23,4683.39,4689.23,4596,5,0
2026-05-13 22:15:00,4689.23,4690.58,4686.7,4687.24,4840,5,0
2026-05-13 22:30:00,4687.24,4689.12,4684.62,4688.55,4102,5,0
2026-05-13 22:45:00,4688.55,4689.47,4683.82,4688.3,6291,5,0
2026-05-13 23:00:00,4688.3,4691.06,4686.04,4690.94,2790,5,0
2026-05-13 23:15:00,4690.94,4693.54,4690.28,4691.36,2066,5,0
2026-05-13 23:30:00,4691.36,4693.05,4689.28,4690.6,1952,5,0
2026-05-13 23:45:00,4690.6,4690.96,4687.85,4688.78,1343,40,0
2026-05-14 01:00:00,4692.27,4694.41,4689.04,4691.2,2912,9,0
2026-05-14 01:15:00,4691.2,4697.36,4691.0,4696.86,2778,8,0
2026-05-14 01:30:00,4696.86,4700.44,4695.61,4699.18,1752,7,0
2026-05-14 01:45:00,4699.18,4700.63,4696.76,4700.18,1557,5,0
2026-05-14 02:00:00,4700.18,4702.26,4699.24,4701.35,1550,5,0
2026-05-14 02:15:00,4701.35,4701.44,4696.8,4697.39,1299,5,0
2026-05-14 02:30:00,4697.39,4697.56,4694.38,4694.86,1746,5,0
2026-05-14 02:45:00,4694.86,4696.89,4693.32,4696.67,1861,5,0
2026-05-14 03:00:00,4696.67,4699.4,4689.54,4697.63,4736,5,0
2026-05-14 03:15:00,4697.63,4705.41,4697.53,4701.17,4605,5,0
2026-05-14 03:30:00,4701.12,4703.32,4692.98,4700.28,4030,5,0
2026-05-14 03:45:00,4700.26,4706.86,4699.49,4705.1,3222,5,0
2026-05-14 04:00:00,4705.1,4707.08,4684.34,4688.97,9229,6,0
2026-05-14 04:15:00,4688.97,4695.51,4687.53,4692.82,7051,5,0
2026-05-14 04:30:00,4692.82,4694.69,4683.66,4688.86,7015,4,0
2026-05-14 04:45:00,4688.86,4695.04,4683.7,4688.82,9356,5,0
2026-05-14 05:00:00,4688.82,4694.16,4686.68,4688.41,7070,5,0
2026-05-14 05:15:00,4688.41,4694.22,4687.15,4693.62,3963,5,0
2026-05-14 05:30:00,4693.62,4699.75,4689.6,4691.91,5462,0,0
2026-05-14 05:45:00,4691.91,4693.41,4680.06,4686.37,7483,5,0
2026-05-14 06:00:00,4686.37,4690.35,4681.56,4683.01,6406,5,0
2026-05-14 06:15:00,4683.01,4693.39,4681.64,4691.46,6165,5,0
2026-05-14 06:30:00,4691.46,4691.87,4675.89,4676.45,4457,2,0
2026-05-14 06:45:00,4676.45,4678.04,4673.97,4675.09,4245,5,0
2026-05-14 07:00:00,4675.09,4682.64,4668.94,4682.22,4747,5,0
2026-05-14 07:15:00,4682.22,4707.48,4681.9,4702.42,5004,5,0
2026-05-14 07:30:00,4702.42,4712.71,4701.5,4704.96,5663,0,0
2026-05-14 07:45:00,4704.96,4706.79,4702.52,4702.54,3539,6,0
2026-05-14 08:00:00,4702.54,4704.22,4699.88,4700.11,4052,5,0
2026-05-14 08:15:00,4700.11,4700.4,4693.45,4693.74,3277,5,0
2026-05-14 08:30:00,4693.74,4701.54,4693.18,4697.46,6664,5,0
2026-05-14 08:45:00,4697.46,4703.28,4688.78,4689.68,7138,5,0
2026-05-14 09:00:00,4689.68,4694.85,4686.14,4687.91,7642,5,0
2026-05-14 09:15:00,4687.91,4693.13,4686.49,4691.37,5573,5,0
2026-05-14 09:30:00,4691.37,4699.74,4690.67,4698.94,4543,5,0
2026-05-14 09:45:00,4698.94,4702.5,4694.86,4700.26,6847,5,0
2026-05-14 10:00:00,4700.27,4702.36,4694.57,4695.41,6421,5,0
2026-05-14 10:15:00,4695.42,4706.96,4694.96,4705.51,5876,5,0
2026-05-14 10:30:00,4705.51,4718.8,4703.08,4709.2,7187,1,0
2026-05-14 10:45:00,4709.2,4709.69,4690.82,4693.18,7704,5,0
2026-05-14 11:00:00,4693.18,4700.94,4692.04,4699.08,6319,5,0
2026-05-14 11:15:00,4699.08,4704.96,4697.89,4703.16,5912,5,0
2026-05-14 11:30:00,4703.16,4706.7,4695.62,4696.99,5695,5,0
2026-05-14 11:45:00,4696.99,4697.57,4693.0,4693.38,4987,5,0
2026-05-14 12:00:00,4693.38,4698.16,4690.3,4694.62,5188,5,0
2026-05-14 12:15:00,4694.62,4696.74,4690.76,4690.76,4206,5,0
2026-05-14 12:30:00,4690.76,4697.29,4688.52,4695.64,6248,5,0
2026-05-14 12:45:00,4695.7,4702.65,4695.7,4699.62,5632,5,0
2026-05-14 13:00:00,4699.62,4705.54,4696.08,4697.24,5794,5,0
2026-05-14 13:15:00,4697.24,4698.42,4693.97,4697.64,5781,5,0
2026-05-14 13:30:00,4697.64,4698.11,4692.29,4693.58,4529,5,0
2026-05-14 13:45:00,4693.58,4697.8,4691.3,4697.15,5904,5,0
2026-05-14 14:00:00,4697.16,4698.88,4692.83,4697.45,5577,5,0
2026-05-14 14:15:00,4697.45,4697.77,4689.4,4692.01,4174,5,0
2026-05-14 14:30:00,4692.01,4697.45,4690.91,4695.48,4598,5,0
2026-05-14 14:45:00,4695.48,4704.86,4694.16,4694.16,6645,5,0
2026-05-14 15:00:00,4694.16,4703.89,4692.42,4703.88,6030,8,0
2026-05-14 15:15:00,4703.88,4707.56,4698.91,4703.09,5762,6,0
2026-05-14 15:30:00,4703.09,4710.1,4698.02,4698.09,9015,7,0
2026-05-14 15:45:00,4698.09,4706.42,4696.06,4705.01,6322,5,0
2026-05-14 16:00:00,4705.01,4707.87,4696.22,4704.26,9128,5,0
2026-05-14 16:15:00,4704.28,4704.47,4688.12,4688.32,8997,0,0
2026-05-14 16:30:00,4688.32,4689.54,4666.7,4676.88,15242,0,0
2026-05-14 16:45:00,4676.86,4691.15,4675.89,4679.6,18621,5,0
2026-05-14 17:00:00,4679.6,4690.31,4677.12,4687.8,13808,5,0
2026-05-14 17:15:00,4687.8,4700.85,4687.04,4691.55,12917,0,0
2026-05-14 17:30:00,4691.55,4692.44,4686.1,4687.02,9667,4,0
2026-05-14 17:45:00,4687.02,4690.47,4679.27,4679.56,11060,1,0
2026-05-14 18:00:00,4679.56,4686.78,4677.06,4684.94,9551,3,0
2026-05-14 18:15:00,4684.94,4689.48,4684.18,4685.87,6872,5,0
2026-05-14 18:30:00,4685.87,4689.0,4681.13,4682.65,7013,5,0
2026-05-14 18:45:00,4682.65,4686.78,4681.1,4685.83,5324,6,0
2026-05-14 19:00:00,4685.83,4687.02,4674.12,4678.6,7898,4,0
2026-05-14 19:15:00,4678.58,4681.33,4675.28,4677.26,6148,5,0
2026-05-14 19:30:00,4677.26,4678.43,4670.36,4675.33,7521,3,0
2026-05-14 19:45:00,4675.33,4679.03,4672.7,4678.58,5392,5,0
2026-05-14 20:00:00,4678.59,4682.76,4678.5,4678.76,6369,5,0
2026-05-14 20:15:00,4678.77,4683.11,4676.9,4677.34,6782,5,0
2026-05-14 20:30:00,4677.34,4681.58,4676.46,4681.43,5597,5,0
2026-05-14 20:45:00,4681.43,4681.81,4677.83,4678.27,4088,5,0
2026-05-14 21:00:00,4678.27,4678.43,4668.78,4674.7,8008,5,0
2026-05-14 21:15:00,4674.7,4676.48,4673.0,4673.55,4083,5,0
2026-05-14 21:30:00,4673.55,4674.98,4668.39,4668.59,3459,5,0
2026-05-14 21:45:00,4668.59,4671.89,4666.94,4671.68,3459,5,0
2026-05-14 22:00:00,4671.69,4671.92,4666.88,4667.54,3366,5,0
2026-05-14 22:15:00,4667.54,4669.16,4663.0,4663.5,3431,5,0
2026-05-14 22:30:00,4663.46,4665.29,4655.63,4656.61,6582,5,0
2026-05-14 22:45:00,4656.61,4658.96,4653.19,4654.22,7557,5,0
2026-05-14 23:00:00,4654.21,4657.22,4649.28,4649.77,4161,5,0
2026-05-14 23:15:00,4649.77,4650.99,4646.77,4648.07,2402,5,0
2026-05-14 23:30:00,4648.08,4652.67,4644.42,4650.66,2879,0,0
2026-05-14 23:45:00,4650.66,4652.4,4649.16,4652.36,1787,40,0
2026-05-15 01:00:00,4651.34,4660.89,4646.4,4655.64,6125,9,0
2026-05-15 01:15:00,4655.64,4659.43,4655.52,4658.92,2922,9,0
2026-05-15 01:30:00,4658.92,4662.56,4658.77,4661.85,1964,5,0
2026-05-15 01:45:00,4661.84,4662.85,4660.13,4662.46,1241,5,0
2026-05-15 02:00:00,4662.46,4663.33,4658.7,4659.03,2115,5,0
2026-05-15 02:15:00,4659.03,4664.4,4655.71,4664.04,2541,5,0
2026-05-15 02:30:00,4664.04,4665.42,4646.94,4657.4,4697,4,0
2026-05-15 02:45:00,4657.4,4657.59,4648.24,4652.16,3712,5,0
2026-05-15 03:00:00,4652.16,4653.7,4642.64,4650.61,8026,5,0
2026-05-15 03:15:00,4650.61,4658.36,4629.04,4630.17,11013,0,0
2026-05-15 03:30:00,4630.13,4630.62,4613.76,4619.2,10984,1,0
2026-05-15 03:45:00,4619.3,4630.62,4617.42,4630.36,10202,5,0
2026-05-15 04:00:00,4630.36,4631.71,4607.7,4614.7,19252,5,0
2026-05-15 04:15:00,4614.7,4625.98,4608.38,4609.05,16122,5,0
2026-05-15 04:30:00,4609.05,4622.95,4607.78,4622.95,14508,5,0
2026-05-15 04:45:00,4622.95,4624.38,4607.23,4614.03,14281,5,0
2026-05-15 05:00:00,4614.03,4619.08,4609.73,4613.16,12366,5,0
2026-05-15 05:15:00,4613.16,4616.64,4609.35,4612.56,6994,2,0
2026-05-15 05:30:00,4612.56,4617.94,4609.61,4617.94,7878,5,0
2026-05-15 05:45:00,4617.94,4623.39,4611.7,4618.06,6841,5,0
2026-05-15 06:00:00,4618.06,4622.31,4614.64,4617.49,6966,5,0
2026-05-15 06:15:00,4617.49,4618.44,4609.88,4612.86,7287,5,0
2026-05-15 06:30:00,4612.86,4617.53,4607.44,4613.47,5434,5,0
2026-05-15 06:45:00,4613.47,4617.39,4610.59,4615.52,3947,5,0
2026-05-15 07:00:00,4615.52,4621.65,4612.94,4620.1,4010,5,0
2026-05-15 07:15:00,4620.1,4620.64,4607.4,4610.89,4559,5,0
2026-05-15 07:30:00,4610.89,4614.98,4604.36,4605.78,4724,4,0
2026-05-15 07:45:00,4605.78,4612.54,4604.94,4606.24,4843,5,0
2026-05-15 08:00:00,4606.24,4606.57,4588.54,4592.17,7645,6,0
2026-05-15 08:15:00,4592.17,4595.36,4580.87,4588.89,8966,5,0
2026-05-15 08:30:00,4588.87,4590.04,4563.76,4568.81,17300,5,0
2026-05-15 08:45:00,4568.81,4573.33,4557.36,4558.9,14747,0,0
2026-05-15 09:00:00,4558.9,4573.32,4556.41,4571.0,17283,0,0
2026-05-15 09:15:00,4571.01,4578.36,4570.35,4575.15,14059,3,0
2026-05-15 09:30:00,4575.2,4580.62,4566.98,4567.71,10688,0,0
2026-05-15 09:45:00,4567.71,4574.28,4564.44,4570.09,10802,0,0
2026-05-15 10:00:00,4570.09,4586.19,4566.0,4585.92,14287,0,0
2026-05-15 10:15:00,4585.92,4588.83,4579.15,4581.86,9931,5,0
2026-05-15 10:30:00,4581.86,4582.57,4574.88,4577.71,6346,5,0
2026-05-15 10:45:00,4577.71,4578.65,4568.45,4570.86,5962,5,0
2026-05-15 11:00:00,4570.86,4571.98,4557.36,4565.3,10082,5,0
2026-05-15 11:15:00,4565.3,4565.75,4552.88,4558.42,10604,1,0
2026-05-15 11:30:00,4558.38,4562.66,4550.06,4562.6,12131,0,0
2026-05-15 11:45:00,4562.6,4563.76,4552.77,4554.42,7342,5,0
2026-05-15 12:00:00,4554.42,4563.81,4545.8,4547.34,10801,5,0
2026-05-15 12:15:00,4547.34,4554.58,4539.24,4553.45,10401,5,0
2026-05-15 12:30:00,4553.45,4555.66,4542.72,4543.61,8856,5,0
2026-05-15 12:45:00,4543.59,4547.07,4531.82,4545.8,11654,0,0
2026-05-15 13:00:00,4545.8,4562.72,4544.14,4560.99,11344,0,0
2026-05-15 13:15:00,4560.99,4563.39,4551.79,4551.83,8583,5,0
2026-05-15 13:30:00,4551.83,4556.86,4549.56,4555.3,8007,5,0
2026-05-15 13:45:00,4555.3,4572.6,4554.26,4566.15,15030,5,0
2026-05-15 14:00:00,4566.15,4570.22,4561.01,4566.37,10777,0,0
2026-05-15 14:15:00,4566.34,4568.7,4559.09,4562.37,7231,5,0
2026-05-15 14:30:00,4562.37,4562.61,4551.03,4551.6,7318,5,0
2026-05-15 14:45:00,4551.6,4558.87,4549.92,4552.04,7520,5,0
2026-05-15 15:00:00,4552.04,4555.2,4544.9,4545.64,9437,5,0
2026-05-15 15:15:00,4545.64,4558.72,4544.93,4555.25,10838,3,0
2026-05-15 15:30:00,4555.25,4555.35,4543.35,4545.69,11156,0,0
2026-05-15 15:45:00,4545.7,4555.62,4543.81,4545.94,9053,0,0
2026-05-15 16:00:00,4545.93,4549.81,4536.12,4546.62,17061,5,0
2026-05-15 16:15:00,4546.62,4557.55,4540.71,4548.88,12333,4,0
2026-05-15 16:30:00,4548.88,4551.18,4520.02,4520.03,19802,0,0
2026-05-15 16:45:00,4520.03,4541.87,4511.37,4533.46,19287,0,0
2026-05-15 17:00:00,4533.46,4550.56,4525.4,4543.4,17094,2,0
2026-05-15 17:15:00,4543.4,4562.9,4540.56,4555.71,20709,4,0
2026-05-15 17:30:00,4555.71,4560.5,4550.86,4556.98,17552,1,0
2026-05-15 17:45:00,4556.98,4566.64,4546.2,4562.85,14882,0,0
2026-05-15 18:00:00,4562.85,4563.72,4550.91,4552.46,13050,5,0
2026-05-15 18:15:00,4552.46,4553.89,4542.98,4547.29,12314,1,0
2026-05-15 18:30:00,4547.3,4550.46,4540.0,4541.48,12934,5,0
2026-05-15 18:45:00,4541.48,4543.58,4533.9,4539.95,10690,3,0
2026-05-15 19:00:00,4539.95,4542.43,4529.43,4532.67,10675,5,0
2026-05-15 19:15:00,4532.66,4542.4,4531.41,4541.01,8924,4,0
2026-05-15 19:30:00,4541.01,4547.74,4540.1,4547.26,8544,5,0
2026-05-15 19:45:00,4547.26,4548.19,4541.98,4544.4,7838,5,0
2026-05-15 20:00:00,4544.39,4558.09,4543.21,4557.08,8972,5,0
2026-05-15 20:15:00,4557.08,4564.54,4554.59,4557.78,6994,5,0
2026-05-15 20:30:00,4557.78,4563.64,4557.68,4560.86,6357,5,0
2026-05-15 20:45:00,4560.86,4562.67,4557.33,4559.6,5576,5,0
2026-05-15 21:00:00,4559.6,4562.01,4556.06,4561.78,5980,5,0
2026-05-15 21:15:00,4561.78,4563.06,4553.08,4558.22,7546,5,0
2026-05-15 21:30:00,4558.22,4558.94,4552.38,4557.69,6670,5,0
2026-05-15 21:45:00,4557.69,4562.86,4556.71,4559.29,5180,5,0
2026-05-15 22:00:00,4559.29,4560.17,4549.56,4550.47,5989,9,0
2026-05-15 22:15:00,4550.47,4552.76,4548.59,4550.23,5175,5,0
2026-05-15 22:30:00,4550.23,4555.32,4549.68,4553.56,5959,5,0
2026-05-15 22:45:00,4553.56,4554.45,4545.0,4545.84,6841,5,0
2026-05-15 23:00:00,4545.85,4546.38,4536.26,4538.32,4744,5,0
2026-05-15 23:15:00,4538.33,4539.35,4533.18,4539.29,3108,5,0
2026-05-15 23:30:00,4539.29,4544.04,4539.04,4540.34,2514,5,0
2026-05-15 23:45:00,4540.34,4541.38,4536.62,4538.64,1909,40,0
2026-05-18 01:00:00,4529.23,4555.17,4528.37,4548.55,8453,9,0
2026-05-18 01:15:00,4548.55,4550.18,4538.0,4541.14,4847,8,0
2026-05-18 01:30:00,4541.14,4553.93,4541.13,4550.08,4476,5,0
2026-05-18 01:45:00,4550.08,4554.75,4543.68,4546.22,2710,5,0
2026-05-18 02:00:00,4546.17,4548.08,4539.5,4541.74,3594,5,0
2026-05-18 02:15:00,4541.71,4544.45,4537.86,4538.09,3580,5,0
2026-05-18 02:30:00,4538.09,4541.61,4532.48,4539.32,4964,5,0
2026-05-18 02:45:00,4539.32,4544.2,4532.12,4537.21,5857,5,0
2026-05-18 03:00:00,4537.21,4542.72,4523.07,4526.37,11909,5,0
2026-05-18 03:15:00,4526.37,4533.64,4514.59,4515.92,9123,5,0
2026-05-18 03:30:00,4515.87,4519.1,4480.5,4481.68,18467,5,0
2026-05-18 03:45:00,4481.68,4516.64,4480.48,4516.08,13673,5,0
2026-05-18 04:00:00,4516.1,4516.1,4489.54,4496.09,21007,5,0
2026-05-18 04:15:00,4496.09,4510.07,4492.96,4504.05,17614,5,0
2026-05-18 04:30:00,4504.06,4513.77,4499.84,4512.64,15024,5,0
2026-05-18 04:45:00,4512.55,4535.64,4511.04,4525.46,13434,5,0
2026-05-18 05:00:00,4525.46,4538.78,4522.09,4536.68,11122,5,0
2026-05-18 05:15:00,4536.66,4540.68,4531.93,4533.52,7621,5,0
2026-05-18 05:30:00,4533.51,4541.09,4529.34,4536.28,8984,5,0
2026-05-18 05:45:00,4536.28,4542.85,4530.39,4533.73,7946,5,0
2026-05-18 06:00:00,4533.72,4535.71,4526.86,4529.6,8474,5,0
2026-05-18 06:15:00,4529.6,4538.34,4528.29,4536.02,8730,5,0
2026-05-18 06:30:00,4536.02,4547.98,4525.23,4545.68,8631,5,0
2026-05-18 06:45:00,4545.68,4547.78,4539.05,4541.13,8022,5,0
2026-05-18 07:00:00,4541.13,4549.76,4540.86,4544.45,6523,5,0
2026-05-18 07:15:00,4544.45,4547.2,4530.1,4532.72,6661,5,0
2026-05-18 07:30:00,4532.7,4544.42,4532.24,4541.81,5151,5,0
2026-05-18 07:45:00,4541.81,4545.78,4535.08,4540.72,4758,5,0
2026-05-18 08:00:00,4540.75,4542.86,4532.96,4538.3,5308,5,0
2026-05-18 08:15:00,4538.33,4550.69,4534.92,4548.79,6517,5,0
2026-05-18 08:30:00,4548.79,4552.06,4538.55,4539.77,7947,5,0
2026-05-18 08:45:00,4539.77,4543.04,4530.06,4530.99,6259,5,0
2026-05-18 09:00:00,4530.99,4540.6,4529.8,4537.44,9163,5,0
2026-05-18 09:15:00,4537.44,4548.12,4534.58,4537.6,8421,5,0
2026-05-18 09:30:00,4537.6,4547.14,4534.6,4540.74,8295,5,0
2026-05-18 09:45:00,4540.74,4547.99,4538.61,4546.86,7285,5,0
2026-05-18 10:00:00,4546.86,4549.39,4542.09,4543.68,6556,5,0
2026-05-18 10:15:00,4543.67,4551.3,4538.21,4550.62,7310,5,0
2026-05-18 10:30:00,4550.62,4560.08,4547.88,4549.09,9419,5,0
2026-05-18 10:45:00,4549.08,4551.76,4540.17,4546.29,8126,5,0
2026-05-18 11:00:00,4546.29,4548.86,4542.49,4546.65,7569,5,0
2026-05-18 11:15:00,4546.65,4551.48,4542.97,4548.02,6360,5,0
2026-05-18 11:30:00,4548.1,4553.14,4545.95,4548.14,6224,5,0
2026-05-18 11:45:00,4548.14,4557.06,4548.14,4550.04,5426,5,0
2026-05-18 12:00:00,4550.04,4551.99,4541.28,4546.32,5100,5,0
2026-05-18 12:15:00,4546.31,4548.95,4544.6,4545.06,4294,5,0
2026-05-18 12:30:00,4545.06,4546.55,4540.66,4543.06,6268,5,0
2026-05-18 12:45:00,4543.06,4544.67,4540.3,4542.99,4321,5,0
2026-05-18 13:00:00,4542.98,4545.08,4535.75,4539.18,5779,5,0
2026-05-18 13:15:00,4539.18,4542.52,4538.19,4539.68,3942,5,0
2026-05-18 13:30:00,4539.66,4544.07,4532.2,4543.8,5689,5,0
2026-05-18 13:45:00,4543.79,4547.69,4536.77,4540.29,4665,5,0
2026-05-18 14:00:00,4540.29,4541.85,4529.94,4539.56,6598,5,0
2026-05-18 14:15:00,4539.56,4540.15,4531.81,4536.27,5464,5,0
2026-05-18 14:30:00,4536.06,4567.02,4535.56,4562.18,14875,5,0
2026-05-18 14:45:00,4562.18,4564.6,4549.59,4550.71,11266,5,0
2026-05-18 15:00:00,4550.72,4556.7,4547.28,4553.58,8013,5,0
2026-05-18 15:15:00,4553.58,4555.23,4545.34,4550.75,8559,5,0
2026-05-18 15:30:00,4550.75,4569.62,4550.3,4569.48,12643,5,0
2026-05-18 15:45:00,4569.48,4574.88,4562.69,4571.49,11722,5,0
2026-05-18 16:00:00,4571.48,4576.88,4561.92,4567.72,12761,5,0
2026-05-18 16:15:00,4567.72,4576.43,4563.94,4572.09,7784,5,0
2026-05-18 16:30:00,4572.01,4579.84,4564.78,4566.44,17044,5,0
2026-05-18 16:45:00,4566.4,4584.24,4563.76,4575.76,15999,5,0
2026-05-18 17:00:00,4575.8,4575.8,4559.82,4564.33,14581,5,0
2026-05-18 17:15:00,4564.28,4569.02,4554.85,4561.73,12617,5,0
2026-05-18 17:30:00,4561.73,4563.12,4538.94,4547.78,14469,5,0
2026-05-18 17:45:00,4547.8,4548.49,4537.86,4546.63,13078,5,0
2026-05-18 18:00:00,4546.64,4548.01,4531.79,4540.65,15357,5,0
2026-05-18 18:15:00,4540.65,4542.72,4534.53,4534.73,10979,5,0
2026-05-18 18:30:00,4534.72,4544.4,4534.04,4538.63,9079,5,0
2026-05-18 18:45:00,4538.63,4546.95,4538.12,4543.57,8901,5,0
2026-05-18 19:00:00,4543.58,4549.0,4540.25,4548.65,8026,5,0
2026-05-18 19:15:00,4548.65,4550.83,4533.87,4537.08,9290,5,0
2026-05-18 19:30:00,4537.07,4545.07,4534.31,4543.38,9409,5,0
2026-05-18 19:45:00,4543.4,4554.6,4542.88,4550.23,7573,5,0
2026-05-18 20:00:00,4550.23,4558.32,4548.02,4553.28,7025,5,0
2026-05-18 20:15:00,4553.28,4555.68,4551.87,4553.96,5686,5,0
2026-05-18 20:30:00,4553.96,4554.18,4547.31,4548.28,5220,4,0
2026-05-18 20:45:00,4548.28,4549.7,4545.58,4547.05,4134,5,0
2026-05-18 21:00:00,4547.05,4547.8,4543.87,4545.3,4806,5,0
2026-05-18 21:15:00,4545.3,4545.5,4536.76,4541.98,6490,5,0
2026-05-18 21:30:00,4541.99,4544.01,4539.03,4541.53,5356,5,0
2026-05-18 21:45:00,4541.53,4543.34,4534.42,4535.82,5639,5,0
2026-05-18 22:00:00,4535.8,4565.08,4535.34,4554.48,18621,7,0
2026-05-18 22:15:00,4554.57,4555.74,4546.72,4551.7,8769,5,0
2026-05-18 22:30:00,4551.7,4561.51,4550.32,4558.25,7415,5,0
2026-05-18 22:45:00,4558.25,4563.0,4557.15,4558.57,7921,5,0
2026-05-18 23:00:00,4558.56,4562.99,4557.9,4562.31,3331,5,0
2026-05-18 23:15:00,4562.31,4566.68,4562.24,4563.34,3160,5,0
2026-05-18 23:30:00,4563.34,4564.92,4561.78,4564.44,2338,5,0
2026-05-18 23:45:00,4564.44,4566.59,4562.2,4566.12,1577,40,0
2026-05-19 01:00:00,4568.21,4573.64,4566.0,4573.42,2944,8,0
2026-05-19 01:15:00,4573.42,4574.86,4571.31,4573.01,2484,5,0
2026-05-19 01:30:00,4573.01,4578.5,4571.74,4576.71,2152,5,0
2026-05-19 01:45:00,4576.71,4577.01,4572.58,4574.01,1123,5,0
2026-05-19 02:00:00,4574.01,4586.94,4573.7,4585.64,2744,5,0
2026-05-19 02:15:00,4585.72,4588.98,4583.56,4585.83,1999,5,0
2026-05-19 02:30:00,4585.83,4587.84,4582.88,4585.56,1827,5,0
2026-05-19 02:45:00,4585.53,4586.7,4579.22,4581.82,2028,5,0
2026-05-19 03:00:00,4581.82,4589.5,4576.72,4578.88,5805,8,0
2026-05-19 03:15:00,4578.88,4585.9,4568.72,4573.61,5517,6,0
2026-05-19 03:30:00,4573.61,4576.12,4568.26,4570.83,4244,5,0
2026-05-19 03:45:00,4570.83,4572.55,4561.36,4563.36,3589,5,0
2026-05-19 04:00:00,4563.3,4569.42,4557.64,4565.86,6899,6,0
2026-05-19 04:15:00,4565.86,4568.69,4554.19,4559.17,6994,5,0
2026-05-19 04:30:00,4559.17,4572.34,4554.9,4570.69,5933,5,0
2026-05-19 04:45:00,4570.74,4571.82,4561.39,4563.94,5454,5,0
2026-05-19 05:00:00,4563.94,4563.94,4553.16,4554.69,7765,5,0
2026-05-19 05:15:00,4554.69,4562.42,4551.63,4559.7,5757,5,0
2026-05-19 05:30:00,4559.69,4559.85,4551.15,4556.1,5789,5,0
2026-05-19 05:45:00,4556.09,4558.21,4545.92,4547.14,4530,5,0
2026-05-19 06:00:00,4547.14,4552.78,4543.58,4551.9,4599,5,0
2026-05-19 06:15:00,4551.9,4553.06,4546.73,4549.19,3121,5,0
2026-05-19 06:30:00,4549.19,4555.18,4547.04,4547.92,3592,5,0
2026-05-19 06:45:00,4547.85,4549.42,4543.46,4545.09,3507,5,0
2026-05-19 07:00:00,4545.09,4545.76,4538.6,4540.22,3524,5,0
2026-05-19 07:15:00,4540.22,4543.17,4538.28,4540.34,2935,5,0
2026-05-19 07:30:00,4540.34,4542.37,4537.97,4539.8,2662,5,0
2026-05-19 07:45:00,4539.77,4543.8,4539.77,4542.52,2552,5,0
2026-05-19 08:00:00,4542.52,4546.64,4540.2,4544.85,3201,5,0
2026-05-19 08:15:00,4544.86,4545.36,4531.0,4538.64,5469,5,0
2026-05-19 08:30:00,4538.62,4544.34,4533.12,4538.6,8194,5,0
2026-05-19 08:45:00,4538.62,4543.49,4532.9,4540.87,8955,5,0
2026-05-19 09:00:00,4540.87,4545.85,4533.55,4542.1,8354,5,0
2026-05-19 09:15:00,4542.1,4554.0,4541.07,4547.65,8702,5,0
2026-05-19 09:30:00,4547.66,4552.89,4544.84,4552.2,7181,5,0
2026-05-19 09:45:00,4552.23,4552.67,4543.17,4548.13,5548,5,0
2026-05-19 10:00:00,4548.13,4555.3,4544.22,4548.68,6708,5,0
2026-05-19 10:15:00,4548.68,4550.15,4543.16,4548.33,5391,5,0
2026-05-19 10:30:00,4548.33,4549.43,4541.44,4542.2,5014,5,0
2026-05-19 10:45:00,4542.2,4559.34,4542.05,4557.27,6760,5,0
2026-05-19 11:00:00,4557.27,4559.16,4542.66,4546.43,6636,5,0
2026-05-19 11:15:00,4546.45,4548.15,4536.34,4538.37,6609,5,0
2026-05-19 11:30:00,4538.37,4545.1,4536.96,4543.27,4519,5,0
2026-05-19 11:45:00,4543.27,4548.64,4538.44,4542.82,4362,5,0
2026-05-19 12:00:00,4542.82,4542.82,4537.07,4539.7,4729,5,0
2026-05-19 12:15:00,4539.7,4546.76,4536.11,4540.66,6213,5,0
2026-05-19 12:30:00,4540.64,4543.18,4536.68,4539.57,5865,5,0
2026-05-19 12:45:00,4539.57,4544.72,4538.43,4541.84,4379,5,0
2026-05-19 13:00:00,4541.84,4542.37,4536.14,4541.51,4772,5,0
2026-05-19 13:15:00,4541.53,4541.9,4538.41,4539.92,3523,5,0
2026-05-19 13:30:00,4539.92,4543.02,4525.43,4529.19,8353,5,0
2026-05-19 13:45:00,4529.18,4544.7,4527.76,4544.7,9923,3,0
2026-05-19 14:00:00,4544.7,4547.94,4535.98,4536.79,6974,7,0
2026-05-19 14:15:00,4536.78,4542.18,4535.83,4539.37,5401,5,0
2026-05-19 14:30:00,4539.37,4543.21,4536.93,4542.02,5808,5,0
2026-05-19 14:45:00,4542.03,4542.32,4529.96,4530.82,5932,6,0
2026-05-19 15:00:00,4530.82,4546.6,4527.43,4542.29,8633,10,0
2026-05-19 15:15:00,4542.29,4544.26,4536.84,4543.47,6649,5,0
2026-05-19 15:30:00,4543.44,4547.13,4536.76,4537.45,8649,5,0
2026-05-19 15:45:00,4537.45,4541.62,4535.66,4537.26,6316,5,0
2026-05-19 16:00:00,4537.16,4537.42,4514.94,4524.38,11910,5,0
2026-05-19 16:15:00,4524.38,4526.18,4490.98,4492.18,15720,9,0
2026-05-19 16:30:00,4492.2,4495.66,4464.95,4476.15,25065,6,0
2026-05-19 16:45:00,4476.15,4510.91,4473.86,4504.13,26019,6,0
2026-05-19 17:00:00,4504.16,4514.11,4492.27,4492.71,23670,5,0
2026-05-19 17:15:00,4492.72,4500.96,4484.3,4490.2,20604,5,0
2026-05-19 17:30:00,4490.17,4498.76,4487.56,4494.65,19986,5,0
2026-05-19 17:45:00,4494.66,4496.79,4486.32,4494.2,14786,5,0
2026-05-19 18:00:00,4494.2,4500.02,4489.79,4499.07,13517,5,0
2026-05-19 18:15:00,4499.08,4505.08,4494.02,4499.03,11648,5,0
2026-05-19 18:30:00,4499.03,4507.6,4498.01,4502.16,11459,5,0
2026-05-19 18:45:00,4502.16,4509.35,4500.33,4508.44,8173,5,0
2026-05-19 19:00:00,4508.44,4510.35,4496.24,4500.94,8627,6,0
2026-05-19 19:15:00,4500.94,4511.98,4498.83,4508.85,7539,5,0
2026-05-19 19:30:00,4508.85,4512.59,4505.65,4506.05,8151,5,0
2026-05-19 19:45:00,4506.05,4509.32,4504.67,4507.76,6026,5,0
2026-05-19 20:00:00,4507.76,4510.86,4505.89,4510.44,6634,5,0
2026-05-19 20:15:00,4510.44,4511.08,4503.4,4507.06,6024,5,0
2026-05-19 20:30:00,4507.06,4508.42,4502.82,4504.55,6493,5,0
2026-05-19 20:45:00,4504.56,4504.95,4499.23,4500.94,6104,5,0
2026-05-19 21:00:00,4500.95,4503.81,4499.84,4501.11,5472,5,0
2026-05-19 21:15:00,4501.11,4502.21,4495.64,4496.1,6934,5,0
2026-05-19 21:30:00,4496.1,4500.93,4493.36,4499.17,7764,5,0
2026-05-19 21:45:00,4499.17,4500.04,4490.31,4493.67,7673,5,0
2026-05-19 22:00:00,4493.7,4497.69,4493.15,4497.01,7023,5,0
2026-05-19 22:15:00,4497.01,4497.4,4485.64,4487.1,6749,5,0
2026-05-19 22:30:00,4487.1,4489.96,4485.93,4488.4,6011,5,0
2026-05-19 22:45:00,4488.41,4488.87,4481.28,4483.48,7482,5,0
2026-05-19 23:00:00,4483.46,4487.24,4480.98,4485.69,3786,5,0
2026-05-19 23:15:00,4485.68,4488.29,4483.5,4486.37,2381,5,0
2026-05-19 23:30:00,4486.37,4486.46,4481.61,4483.25,1891,5,0
2026-05-19 23:45:00,4483.25,4484.28,4481.56,4481.92,1522,11,0
2026-05-20 01:00:00,4483.29,4485.89,4480.39,4482.94,2942,8,0
2026-05-20 01:15:00,4482.94,4482.95,4478.17,4479.54,2189,7,0
2026-05-20 01:30:00,4479.54,4485.88,4477.58,4482.2,2977,5,0
2026-05-20 01:45:00,4482.2,4484.8,4479.41,4484.51,2574,5,0
2026-05-20 02:00:00,4484.51,4486.77,4479.96,4486.41,2199,5,0
2026-05-20 02:15:00,4486.41,4488.78,4483.42,4486.35,2382,5,0
2026-05-20 02:30:00,4486.35,4496.56,4485.75,4492.46,3175,5,0
2026-05-20 02:45:00,4492.46,4494.74,4488.17,4489.4,2839,5,0
2026-05-20 03:00:00,4489.4,4490.71,4479.78,4488.67,7452,6,0
2026-05-20 03:15:00,4488.66,4502.22,4481.5,4502.09,9712,5,0
2026-05-20 03:30:00,4502.07,4507.4,4499.86,4505.31,9238,5,0
2026-05-20 03:45:00,4505.31,4508.97,4498.17,4500.98,5982,5,0
2026-05-20 04:00:00,4500.98,4506.14,4488.04,4492.5,9903,5,0
2026-05-20 04:15:00,4492.5,4496.76,4472.88,4473.68,8359,5,0
2026-05-20 04:30:00,4473.68,4477.09,4456.04,4466.84,15543,5,0
2026-05-20 04:45:00,4466.84,4488.54,4463.24,4481.37,12884,5,0
2026-05-20 05:00:00,4481.37,4486.97,4476.1,4481.38,6363,5,0
2026-05-20 05:15:00,4481.38,4487.12,4476.53,4481.65,5855,5,0
2026-05-20 05:30:00,4481.66,4483.54,4460.74,4460.75,11370,5,0
2026-05-20 05:45:00,4460.75,4466.18,4458.64,4465.33,9079,5,0
2026-05-20 06:00:00,4465.33,4467.23,4453.56,4458.05,9677,5,0
2026-05-20 06:15:00,4458.05,4464.4,4457.34,4461.06,5812,5,0
2026-05-20 06:30:00,4461.07,4466.2,4457.54,4460.7,5342,5,0
2026-05-20 06:45:00,4460.7,4465.3,4458.29,4463.74,3419,5,0
2026-05-20 07:00:00,4463.74,4470.22,4463.34,4469.19,4652,5,0
2026-05-20 07:15:00,4469.19,4470.68,4462.4,4465.36,3731,5,0
2026-05-20 07:30:00,4465.39,4465.98,4460.41,4463.15,3245,5,0
2026-05-20 07:45:00,4463.15,4463.28,4456.82,4462.12,3429,5,0
2026-05-20 08:00:00,4462.12,4473.05,4461.83,4469.45,4398,5,0
2026-05-20 08:15:00,4469.45,4475.4,4467.1,4468.39,4287,0,0
2026-05-20 08:30:00,4468.39,4478.94,4468.07,4472.36,7602,5,0
2026-05-20 08:45:00,4472.36,4475.35,4463.26,4472.87,6541,5,0
2026-05-20 09:00:00,4472.87,4477.56,4467.13,4471.67,8766,5,0
2026-05-20 09:15:00,4471.69,4478.38,4467.76,4471.99,8323,5,0
2026-05-20 09:30:00,4471.99,4472.55,4461.46,4467.11,7289,5,0
2026-05-20 09:45:00,4467.11,4478.48,4465.36,4474.21,7081,5,0
2026-05-20 10:00:00,4474.27,4485.24,4472.01,4481.26,8424,5,0
2026-05-20 10:15:00,4481.26,4484.16,4476.44,4482.85,5590,5,0
2026-05-20 10:30:00,4482.85,4485.98,4476.12,4481.47,5019,5,0
2026-05-20 10:45:00,4481.48,4482.05,4475.15,4478.66,4931,5,0
2026-05-20 11:00:00,4478.66,4484.19,4476.79,4482.47,6865,5,0
2026-05-20 11:15:00,4482.47,4486.48,4478.34,4486.28,6556,5,0
2026-05-20 11:30:00,4486.34,4489.58,4476.97,4479.31,7445,5,0
2026-05-20 11:45:00,4479.32,4490.13,4479.25,4484.14,7023,5,0
2026-05-20 12:00:00,4484.13,4486.23,4479.69,4480.3,5801,5,0
2026-05-20 12:15:00,4480.31,4483.68,4472.84,4474.26,5175,5,0
2026-05-20 12:30:00,4474.28,4484.87,4472.85,4483.29,5477,5,0
2026-05-20 12:45:00,4483.29,4491.27,4481.91,4485.0,4203,5,0
2026-05-20 13:00:00,4485.0,4492.32,4484.74,4488.11,3676,5,0
2026-05-20 13:15:00,4488.11,4492.74,4487.31,4489.02,3245,5,0
2026-05-20 13:30:00,4489.02,4497.07,4488.64,4494.33,4561,5,0
2026-05-20 13:45:00,4494.33,4495.86,4490.08,4494.71,3922,5,0
2026-05-20 14:00:00,4494.71,4496.72,4492.75,4493.11,4098,5,0
2026-05-20 14:15:00,4493.11,4501.14,4491.19,4500.04,3733,7,0
2026-05-20 14:30:00,4500.04,4500.48,4493.48,4495.26,4115,5,0
2026-05-20 14:45:00,4495.26,4499.57,4490.9,4499.2,5494,7,0
2026-05-20 15:00:00,4499.2,4501.17,4495.9,4496.64,5248,5,0
2026-05-20 15:15:00,4496.65,4499.7,4493.03,4499.7,6367,5,0
2026-05-20 15:30:00,4499.72,4504.7,4499.38,4502.98,6690,5,0
2026-05-20 15:45:00,4502.98,4505.47,4494.0,4496.24,6320,5,0
2026-05-20 16:00:00,4496.24,4506.2,4494.0,4505.22,9634,10,0
2026-05-20 16:15:00,4505.24,4505.36,4489.36,4489.36,8156,6,0
2026-05-20 16:30:00,4489.37,4493.12,4483.18,4490.0,10766,9,0
2026-05-20 16:45:00,4490.02,4492.12,4482.1,4483.2,10600,5,0
2026-05-20 17:00:00,4483.19,4485.25,4467.17,4477.08,13956,5,0
2026-05-20 17:15:00,4477.06,4510.88,4476.52,4506.95,27684,9,0
2026-05-20 17:30:00,4506.96,4528.78,4506.96,4520.61,21798,5,0
2026-05-20 17:45:00,4520.62,4537.39,4516.56,4531.5,14524,5,0
2026-05-20 18:00:00,4531.5,4535.82,4523.19,4524.6,13076,5,0
2026-05-20 18:15:00,4524.6,4552.7,4524.56,4529.58,24151,5,0
2026-05-20 18:30:00,4529.59,4539.51,4527.78,4536.98,13998,5,0
2026-05-20 18:45:00,4536.99,4537.95,4527.43,4529.26,11704,5,0
2026-05-20 19:00:00,4529.26,4535.32,4528.53,4533.93,7968,5,0
2026-05-20 19:15:00,4533.93,4534.01,4524.24,4526.06,8934,5,0
2026-05-20 19:30:00,4526.11,4533.92,4524.27,4533.92,7682,5,0
2026-05-20 19:45:00,4533.8,4535.54,4530.24,4534.48,6561,5,0
2026-05-20 20:00:00,4534.51,4538.12,4531.22,4534.42,6909,5,0
2026-05-20 20:15:00,4534.42,4536.92,4531.01,4532.5,8321,5,0
2026-05-20 20:30:00,4532.5,4536.56,4530.02,4533.2,7165,5,0
2026-05-20 20:45:00,4533.19,4535.33,4530.36,4531.46,4519,5,0
2026-05-20 21:00:00,4531.47,4534.01,4529.3,4533.0,5977,5,0
2026-05-20 21:15:00,4533.0,4536.68,4532.04,4535.09,6193,5,0
2026-05-20 21:30:00,4535.09,4543.54,4535.06,4537.07,5326,5,0
2026-05-20 21:45:00,4537.12,4545.13,4536.92,4542.47,4990,5,0
2026-05-20 22:00:00,4542.47,4545.3,4541.9,4543.91,4450,5,0
2026-05-20 22:15:00,4543.91,4546.11,4543.39,4545.17,4330,5,0
2026-05-20 22:30:00,4545.16,4550.1,4545.16,4546.46,4733,5,0
2026-05-20 22:45:00,4546.48,4548.6,4545.46,4545.8,5971,5,0
2026-05-20 23:00:00,4545.72,4550.38,4545.45,4546.79,2894,5,0
2026-05-20 23:15:00,4546.79,4548.4,4543.12,4545.68,4635,5,0
2026-05-20 23:30:00,4545.68,4546.39,4542.54,4543.38,2629,5,0
2026-05-20 23:45:00,4543.38,4544.54,4541.92,4543.62,1534,40,0
2026-05-21 01:00:00,4539.89,4548.77,4538.8,4540.12,4603,8,0
2026-05-21 01:15:00,4540.12,4540.56,4535.17,4538.96,3425,5,0
2026-05-21 01:30:00,4538.96,4543.42,4538.73,4542.27,1788,5,0
2026-05-21 01:45:00,4542.27,4544.7,4537.2,4539.96,2411,5,0
2026-05-21 02:00:00,4539.96,4543.39,4538.01,4539.99,1798,5,0
2026-05-21 02:15:00,4539.99,4540.81,4534.65,4538.48,1770,5,0
2026-05-21 02:30:00,4538.48,4545.42,4538.0,4543.06,1889,5,0
2026-05-21 02:45:00,4543.06,4547.28,4541.9,4546.63,2073,5,0
2026-05-21 03:00:00,4546.63,4548.93,4538.59,4544.97,6057,8,0
2026-05-21 03:15:00,4544.97,4553.31,4537.44,4543.58,7157,5,0
2026-05-21 03:30:00,4543.58,4545.23,4539.72,4543.78,3755,5,0
2026-05-21 03:45:00,4543.78,4548.76,4542.06,4545.3,3477,5,0
2026-05-21 04:00:00,4545.3,4560.1,4540.0,4559.94,8571,7,0
2026-05-21 04:15:00,4559.93,4567.82,4557.31,4567.12,8446,5,0
2026-05-21 04:30:00,4567.09,4570.69,4561.77,4567.89,9534,5,0
2026-05-21 04:45:00,4567.88,4568.36,4559.07,4561.15,6263,5,0
2026-05-21 05:00:00,4561.15,4564.98,4550.74,4551.84,5211,5,0
2026-05-21 05:15:00,4551.84,4553.24,4539.76,4540.42,4395,5,0
2026-05-21 05:30:00,4540.42,4542.44,4534.06,4536.36,5534,5,0
2026-05-21 05:45:00,4536.36,4537.35,4531.56,4533.33,5060,5,0
2026-05-21 06:00:00,4533.33,4539.06,4531.68,4538.02,4461,5,0
2026-05-21 06:15:00,4538.07,4540.37,4533.15,4535.9,4240,5,0
2026-05-21 06:30:00,4535.9,4537.36,4531.88,4534.03,3286,5,0
2026-05-21 06:45:00,4534.03,4534.49,4527.28,4528.32,3213,5,0
2026-05-21 07:00:00,4528.32,4536.53,4527.43,4536.13,3015,5,0
2026-05-21 07:15:00,4536.13,4540.19,4534.45,4539.88,2886,5,0
2026-05-21 07:30:00,4539.86,4540.58,4533.9,4537.27,2306,5,0
2026-05-21 07:45:00,4537.27,4539.33,4535.62,4538.49,1798,5,0
2026-05-21 08:00:00,4538.49,4540.56,4529.78,4530.83,3814,5,0
2026-05-21 08:15:00,4530.83,4531.13,4521.68,4522.92,4648,5,0
2026-05-21 08:30:00,4523.04,4527.27,4518.48,4526.04,6450,5,0
2026-05-21 08:45:00,4526.04,4530.05,4518.39,4528.0,6170,5,0
2026-05-21 09:00:00,4527.94,4535.44,4526.69,4531.59,6513,5,0
2026-05-21 09:15:00,4531.59,4539.94,4528.61,4533.11,7461,0,0
2026-05-21 09:30:00,4533.12,4535.06,4522.99,4524.94,8240,5,0
2026-05-21 09:45:00,4524.94,4526.34,4518.98,4521.6,7940,5,0
2026-05-21 10:00:00,4521.6,4524.38,4518.14,4520.62,6990,5,0
2026-05-21 10:15:00,4520.62,4523.56,4511.86,4512.83,7709,5,0
2026-05-21 10:30:00,4512.83,4517.47,4511.99,4516.46,5658,5,0
2026-05-21 10:45:00,4516.46,4523.34,4514.4,4519.76,4695,5,0
2026-05-21 11:00:00,4519.76,4535.79,4518.32,4534.31,8995,5,0
2026-05-21 11:15:00,4534.31,4536.8,4529.39,4535.54,9442,5,0
2026-05-21 11:30:00,4535.71,4535.73,4526.53,4529.18,6742,5,0
2026-05-21 11:45:00,4529.2,4534.65,4528.33,4532.59,6733,5,0
2026-05-21 12:00:00,4532.57,4540.48,4531.87,4537.89,7013,5,0
2026-05-21 12:15:00,4537.89,4542.48,4535.52,4537.0,5689,5,0
2026-05-21 12:30:00,4536.98,4543.08,4529.73,4529.9,5382,5,0
2026-05-21 12:45:00,4529.9,4533.2,4527.81,4530.71,4347,5,0
2026-05-21 13:00:00,4530.71,4535.48,4530.05,4532.7,4635,6,0
2026-05-21 13:15:00,4532.72,4534.78,4510.83,4518.11,10622,5,0
2026-05-21 13:30:00,4518.13,4518.5,4504.96,4517.05,16971,6,0
2026-05-21 13:45:00,4517.05,4517.89,4510.79,4511.52,11232,5,0
2026-05-21 14:00:00,4511.52,4520.06,4510.78,4516.37,9861,5,0
2026-05-21 14:15:00,4516.37,4521.32,4512.6,4514.15,6636,5,0
2026-05-21 14:30:00,4514.15,4515.98,4508.15,4512.29,5704,5,0
2026-05-21 14:45:00,4512.29,4517.4,4510.93,4514.18,5467,5,0
2026-05-21 15:00:00,4514.18,4519.36,4513.7,4514.73,6798,5,0
2026-05-21 15:15:00,4514.73,4514.81,4503.78,4507.36,7977,9,0
2026-05-21 15:30:00,4507.36,4517.9,4505.79,4515.07,14006,8,0
2026-05-21 15:45:00,4515.07,4518.24,4501.96,4504.16,9022,5,0
2026-05-21 16:00:00,4504.15,4512.84,4499.3,4502.36,13768,7,0
2026-05-21 16:15:00,4502.38,4505.53,4495.51,4500.57,12350,5,0
2026-05-21 16:30:00,4500.64,4502.6,4487.98,4498.02,18719,5,0
2026-05-21 16:45:00,4498.02,4520.87,4494.92,4513.17,22178,7,0
2026-05-21 17:00:00,4513.17,4515.42,4502.68,4508.26,13471,5,0
2026-05-21 17:15:00,4508.17,4509.4,4498.19,4507.52,17342,5,0
2026-05-21 17:30:00,4507.52,4511.3,4502.5,4504.87,13132,5,0
2026-05-21 17:45:00,4504.85,4510.63,4501.72,4508.89,13885,5,0
2026-05-21 18:00:00,4508.88,4515.57,4496.66,4510.14,14867,6,0
2026-05-21 18:15:00,4510.14,4511.64,4502.27,4503.48,10996,5,0
2026-05-21 18:30:00,4503.47,4509.9,4502.53,4507.04,9291,5,0
2026-05-21 18:45:00,4507.03,4512.72,4506.74,4511.99,7287,5,0
2026-05-21 19:00:00,4511.97,4520.76,4511.89,4517.25,10180,5,0
2026-05-21 19:15:00,4517.25,4518.93,4514.56,4516.61,7226,5,0
2026-05-21 19:30:00,4516.61,4519.38,4515.59,4518.15,5745,5,0
2026-05-21 19:45:00,4518.15,4520.29,4516.33,4519.48,5643,5,0
2026-05-21 20:00:00,4519.48,4531.72,4514.18,4526.42,11934,5,0
2026-05-21 20:15:00,4526.41,4546.39,4526.21,4541.63,21824,6,0
2026-05-21 20:30:00,4541.61,4549.02,4538.72,4548.27,13969,5,0
2026-05-21 20:45:00,4548.27,4559.3,4544.87,4551.5,14883,5,0
2026-05-21 21:00:00,4551.5,4556.13,4543.08,4546.08,11944,5,0
2026-05-21 21:15:00,4546.16,4550.76,4544.43,4548.42,9627,5,0
2026-05-21 21:30:00,4548.42,4549.54,4542.9,4545.36,6977,5,0
2026-05-21 21:45:00,4545.36,4546.09,4527.43,4532.0,15826,6,0
2026-05-21 22:00:00,4532.0,4537.93,4529.91,4537.93,9396,5,0
2026-05-21 22:15:00,4537.93,4542.17,4537.75,4538.93,5869,5,0
2026-05-21 22:30:00,4538.92,4543.34,4538.64,4539.42,4871,6,0
2026-05-21 22:45:00,4539.42,4543.8,4534.7,4543.14,7748,7,0
2026-05-21 23:00:00,4543.12,4544.85,4541.24,4542.61,4068,5,0
2026-05-21 23:15:00,4542.61,4542.76,4540.32,4541.4,1927,5,0
2026-05-21 23:30:00,4541.4,4542.25,4540.3,4540.64,1262,7,0
2026-05-21 23:45:00,4540.64,4543.12,4539.72,4543.05,1251,40,0
2026-05-22 01:00:00,4541.95,4546.75,4539.85,4541.96,3312,5,0
2026-05-22 01:15:00,4541.95,4543.24,4540.04,4541.1,1861,5,0
2026-05-22 01:30:00,4541.1,4543.65,4539.69,4542.67,1378,6,0
2026-05-22 01:45:00,4542.67,4543.32,4540.81,4543.31,1228,5,0
2026-05-22 02:00:00,4543.3,4544.98,4542.68,4543.79,1324,5,0
2026-05-22 02:15:00,4543.79,4544.47,4537.16,4540.53,1518,5,0
2026-05-22 02:30:00,4540.56,4540.56,4532.74,4532.74,2164,5,0
2026-05-22 02:45:00,4532.68,4536.62,4532.62,4535.54,2495,5,0
2026-05-22 03:00:00,4535.54,4536.91,4530.23,4531.42,6886,5,0
2026-05-22 03:15:00,4531.42,4537.34,4530.28,4536.33,5314,5,0
2026-05-22 03:30:00,4536.33,4541.12,4535.88,4538.1,4414,5,0
2026-05-22 03:45:00,4538.12,4538.98,4525.6,4526.7,5160,5,0
2026-05-22 04:00:00,4526.7,4536.14,4523.41,4529.78,9577,5,0
2026-05-22 04:15:00,4529.78,4533.54,4526.44,4529.11,6007,5,0
2026-05-22 04:30:00,4529.07,4529.89,4521.14,4525.23,5917,5,0
2026-05-22 04:45:00,4525.23,4531.93,4524.9,4526.43,5714,5,0
2026-05-22 05:00:00,4526.43,4529.45,4521.5,4527.63,4700,5,0
2026-05-22 05:15:00,4527.63,4529.04,4522.73,4524.69,3584,5,0
2026-05-22 05:30:00,4524.69,4524.71,4518.66,4522.87,5456,5,0
2026-05-22 05:45:00,4522.87,4527.14,4519.6,4523.26,4552,5,0
2026-05-22 06:00:00,4523.26,4525.3,4520.64,4521.18,4135,5,0
2026-05-22 06:15:00,4521.18,4523.0,4519.28,4521.85,3528,5,0
2026-05-22 06:30:00,4521.85,4527.8,4521.73,4527.04,2756,5,0
2026-05-22 06:45:00,4527.04,4530.06,4526.48,4529.49,2043,5,0
2026-05-22 07:00:00,4529.49,4530.14,4527.87,4529.24,2318,5,0
2026-05-22 07:15:00,4529.24,4533.0,4527.63,4532.32,2948,5,0
2026-05-22 07:30:00,4532.32,4532.82,4525.44,4529.05,2816,5,0
2026-05-22 07:45:00,4529.05,4530.29,4527.12,4527.25,1834,5,0
2026-05-22 08:00:00,4527.24,4529.65,4523.66,4525.41,2734,5,0
2026-05-22 08:15:00,4525.41,4529.16,4523.49,4526.2,2634,5,0
2026-05-22 08:30:00,4526.2,4534.27,4525.1,4534.2,5686,5,0
2026-05-22 08:45:00,4534.2,4534.26,4506.81,4511.32,8753,5,0
2026-05-22 09:00:00,4511.33,4524.4,4509.92,4521.68,11663,7,0
2026-05-22 09:15:00,4521.65,4526.28,4516.36,4525.32,7488,5,0
2026-05-22 09:30:00,4525.33,4527.44,4521.73,4526.63,6705,5,0
2026-05-22 09:45:00,4526.66,4528.94,4523.95,4526.94,5291,5,0
2026-05-22 10:00:00,4526.94,4527.16,4521.49,4522.5,5618,5,0
2026-05-22 10:15:00,4522.5,4527.46,4522.16,4525.91,3740,5,0
2026-05-22 10:30:00,4525.91,4525.93,4516.24,4519.98,5286,5,0
2026-05-22 10:45:00,4519.98,4523.29,4517.67,4521.94,4520,5,0
2026-05-22 11:00:00,4521.94,4529.98,4521.54,4524.55,5083,5,0
2026-05-22 11:15:00,4524.55,4531.26,4523.79,4526.87,7128,5,0
2026-05-22 11:30:00,4526.86,4527.49,4517.03,4522.56,7723,5,0
2026-05-22 11:45:00,4522.56,4525.06,4521.66,4521.92,4784,5,0
2026-05-22 12:00:00,4521.92,4525.61,4517.24,4517.36,5051,5,0
2026-05-22 12:15:00,4517.36,4520.62,4515.27,4517.89,5598,5,0
2026-05-22 12:30:00,4517.87,4526.1,4514.82,4525.17,4813,5,0
2026-05-22 12:45:00,4525.17,4535.96,4524.74,4532.28,3655,5,0
2026-05-22 13:00:00,4532.28,4536.85,4529.65,4533.87,4944,5,0
2026-05-22 13:15:00,4533.87,4534.22,4524.6,4524.84,4229,5,0
2026-05-22 13:30:00,4524.84,4525.56,4512.34,4512.55,6238,6,0
2026-05-22 13:45:00,4512.55,4515.18,4510.18,4514.78,4524,5,0
2026-05-22 14:00:00,4514.71,4517.34,4513.91,4515.98,4949,6,0
2026-05-22 14:15:00,4515.98,4515.98,4511.99,4512.14,4130,5,0
2026-05-22 14:30:00,4512.14,4523.12,4511.63,4521.78,4140,6,0
2026-05-22 14:45:00,4521.78,4525.14,4520.09,4520.73,4866,6,0
2026-05-22 15:00:00,4520.73,4529.95,4519.01,4529.34,7836,5,0
2026-05-22 15:15:00,4529.32,4535.75,4521.14,4521.78,10021,7,0
2026-05-22 15:30:00,4521.78,4523.69,4515.12,4518.8,6936,5,0
2026-05-22 15:45:00,4518.79,4528.48,4517.5,4528.24,6575,5,0
2026-05-22 16:00:00,4528.28,4534.34,4520.9,4528.24,11139,6,0
2026-05-22 16:15:00,4528.24,4529.82,4521.39,4522.21,6860,5,0
2026-05-22 16:30:00,4522.22,4527.26,4511.36,4517.76,12342,5,0
2026-05-22 16:45:00,4517.76,4519.04,4510.23,4513.95,11668,5,0
2026-05-22 17:00:00,4514.03,4514.25,4489.49,4496.94,17658,0,0
2026-05-22 17:15:00,4496.94,4500.8,4491.94,4499.1,16645,5,0
2026-05-22 17:30:00,4499.1,4506.08,4497.27,4504.55,11139,5,0
2026-05-22 17:45:00,4504.53,4507.36,4500.44,4500.66,8691,5,0
2026-05-22 18:00:00,4500.66,4511.98,4500.3,4511.23,9528,5,0
2026-05-22 18:15:00,4511.24,4519.27,4511.11,4519.24,8192,5,0
2026-05-22 18:30:00,4519.25,4522.33,4517.37,4518.26,7650,5,0
2026-05-22 18:45:00,4518.26,4521.85,4514.72,4520.12,7127,5,0
2026-05-22 19:00:00,4520.1,4520.47,4516.95,4519.58,6521,7,0
2026-05-22 19:15:00,4519.45,4524.23,4516.88,4523.78,5065,6,0
2026-05-22 19:30:00,4523.78,4526.84,4513.02,4515.04,6285,5,0
2026-05-22 19:45:00,4515.04,4518.01,4512.37,4514.98,6326,5,0
2026-05-22 20:00:00,4514.98,4520.98,4514.84,4519.4,4913,5,0
2026-05-22 20:15:00,4519.4,4525.94,4513.2,4525.44,9082,5,0
2026-05-22 20:30:00,4525.4,4527.9,4519.52,4522.27,9583,5,0
2026-05-22 20:45:00,4522.27,4522.9,4518.73,4519.28,5628,5,0
2026-05-22 21:00:00,4519.28,4519.49,4512.04,4513.87,6885,5,0
2026-05-22 21:15:00,4513.87,4517.78,4512.57,4515.43,4602,5,0
2026-05-22 21:30:00,4515.43,4520.18,4513.96,4515.19,4680,5,0
2026-05-22 21:45:00,4515.19,4516.06,4513.01,4515.16,5085,5,0
2026-05-22 22:00:00,4515.17,4515.89,4507.0,4507.35,7690,5,0
2026-05-22 22:15:00,4507.37,4509.12,4506.44,4507.19,3960,5,0
2026-05-22 22:30:00,4507.19,4510.88,4504.3,4509.68,4489,5,0
2026-05-22 22:45:00,4509.68,4510.04,4506.72,4508.36,4264,5,0
2026-05-22 23:00:00,4508.36,4509.38,4504.85,4508.09,2663,5,0
2026-05-22 23:15:00,4508.09,4510.6,4506.96,4510.32,1767,5,0
2026-05-22 23:30:00,4510.32,4510.51,4504.66,4504.88,2528,7,0
2026-05-22 23:45:00,4504.88,4508.31,4504.08,4507.9,1084,40,0
2026-05-25 01:00:00,4536.71,4557.39,4532.39,4554.69,11728,8,0
2026-05-25 01:15:00,4554.71,4556.01,4548.54,4552.3,7618,9,0
2026-05-25 01:30:00,4552.3,4561.29,4551.81,4558.21,4964,7,0
2026-05-25 01:45:00,4558.21,4565.75,4557.97,4565.05,4169,5,0
2026-05-25 02:00:00,4565.05,4576.43,4564.98,4574.53,4580,5,0
2026-05-25 02:15:00,4574.53,4578.37,4573.65,4575.05,3830,5,0
2026-05-25 02:30:00,4575.05,4580.18,4575.04,4577.4,5162,5,0
2026-05-25 02:45:00,4577.4,4578.37,4565.84,4567.06,5396,5,0
2026-05-25 03:00:00,4567.07,4575.8,4566.21,4572.64,8219,5,0
2026-05-25 03:15:00,4572.67,4575.46,4569.87,4572.37,7381,5,0
2026-05-25 03:30:00,4572.37,4575.58,4570.73,4571.66,5550,5,0
2026-05-25 03:45:00,4571.66,4579.76,4566.03,4569.62,8390,5,0
2026-05-25 04:00:00,4569.62,4576.3,4560.56,4565.82,14562,5,0
2026-05-25 04:15:00,4565.82,4575.44,4562.39,4573.41,8886,5,0
2026-05-25 04:30:00,4573.45,4574.88,4563.34,4563.48,6846,5,0
2026-05-25 04:45:00,4563.5,4567.36,4560.38,4562.99,6169,5,0
2026-05-25 05:00:00,4562.99,4568.48,4561.3,4562.08,6521,5,0
2026-05-25 05:15:00,4562.1,4563.44,4558.89,4562.95,4528,5,0
2026-05-25 05:30:00,4562.95,4569.57,4561.65,4569.55,6263,5,0
2026-05-25 05:45:00,4569.66,4570.28,4559.42,4561.4,5585,5,0
2026-05-25 06:00:00,4561.4,4564.4,4560.36,4563.26,5320,5,0
2026-05-25 06:15:00,4563.26,4564.58,4560.24,4560.72,4396,5,0
2026-05-25 06:30:00,4560.75,4564.1,4558.26,4558.53,3827,5,0
2026-05-25 06:45:00,4558.53,4561.34,4556.6,4559.87,3794,5,0
2026-05-25 07:00:00,4559.87,4562.69,4559.52,4560.97,3462,5,0
2026-05-25 07:15:00,4560.98,4565.89,4560.08,4565.28,2840,5,0
2026-05-25 07:30:00,4565.28,4565.49,4559.61,4562.48,3738,5,0
2026-05-25 07:45:00,4562.48,4565.64,4562.37,4564.87,1988,5,0
2026-05-25 08:00:00,4564.87,4565.8,4562.85,4563.58,2307,5,0
2026-05-25 08:15:00,4563.58,4563.7,4554.1,4554.23,2898,5,0
2026-05-25 08:30:00,4554.23,4560.99,4552.81,4557.07,4388,5,0
2026-05-25 08:45:00,4557.06,4558.03,4551.95,4553.4,4979,5,0
2026-05-25 09:00:00,4553.4,4555.94,4550.52,4553.89,6409,6,0
2026-05-25 09:15:00,4553.85,4557.41,4552.32,4554.27,5259,5,0
2026-05-25 09:30:00,4554.28,4557.46,4553.63,4556.51,4504,5,0
2026-05-25 09:45:00,4556.51,4563.28,4556.26,4562.52,5129,5,0
2026-05-25 10:00:00,4562.56,4564.83,4560.75,4560.81,5193,5,0
2026-05-25 10:15:00,4560.84,4561.19,4552.57,4554.42,7235,5,0
2026-05-25 10:30:00,4554.48,4561.67,4554.19,4559.93,4905,5,0
2026-05-25 10:45:00,4559.93,4565.19,4558.68,4564.88,3331,5,0
2026-05-25 11:00:00,4564.88,4565.05,4559.61,4561.14,3517,5,0
2026-05-25 11:15:00,4561.14,4561.41,4553.79,4555.14,3993,5,0
2026-05-25 11:30:00,4555.14,4558.17,4553.42,4554.73,2853,5,0
2026-05-25 11:45:00,4554.73,4556.66,4553.56,4556.18,2548,5,0
2026-05-25 12:00:00,4556.21,4558.77,4555.06,4555.59,2263,5,0
2026-05-25 12:15:00,4555.59,4559.05,4555.58,4558.95,1862,5,0
2026-05-25 12:30:00,4558.95,4566.16,4558.47,4565.89,4183,5,0
2026-05-25 12:45:00,4565.89,4569.1,4564.77,4567.64,2873,5,0
2026-05-25 13:00:00,4567.61,4572.54,4567.55,4571.97,2976,5,0
2026-05-25 13:15:00,4571.97,4573.76,4569.85,4570.92,3033,5,0
2026-05-25 13:30:00,4570.92,4573.29,4568.46,4570.31,3198,5,0
2026-05-25 13:45:00,4570.3,4572.5,4568.56,4568.7,1926,5,0
2026-05-25 14:00:00,4568.7,4572.45,4567.61,4572.16,1873,5,0
2026-05-25 14:15:00,4572.15,4575.3,4569.58,4571.73,3361,8,0
2026-05-25 14:30:00,4571.72,4576.28,4571.65,4574.58,3542,5,0
2026-05-25 14:45:00,4574.58,4577.12,4569.29,4569.51,3504,5,0
2026-05-25 15:00:00,4569.5,4569.52,4556.12,4556.37,5710,6,0
2026-05-25 15:15:00,4556.35,4560.91,4553.05,4560.56,4735,7,0
2026-05-25 15:30:00,4560.59,4570.35,4559.95,4566.55,5432,5,0
2026-05-25 15:45:00,4566.54,4568.81,4564.3,4567.72,3791,5,0
2026-05-25 16:00:00,4567.72,4571.48,4561.73,4564.53,7136,5,0
2026-05-25 16:15:00,4564.53,4564.67,4560.61,4561.93,4591,5,0
2026-05-25 16:30:00,4561.93,4565.67,4561.66,4565.17,5154,4,0
2026-05-25 16:45:00,4565.17,4565.42,4560.18,4563.17,3756,5,0
2026-05-25 17:00:00,4563.17,4570.1,4562.36,4567.82,3864,7,0
2026-05-25 17:15:00,4567.82,4570.66,4567.44,4568.03,2913,5,0
2026-05-25 17:30:00,4568.04,4568.57,4565.25,4567.09,2557,5,0
2026-05-25 17:45:00,4567.09,4569.03,4565.4,4566.85,2790,5,0
2026-05-25 18:00:00,4566.85,4573.61,4565.75,4570.18,4654,5,0
2026-05-25 18:15:00,4570.2,4574.83,4568.07,4573.43,4109,7,0
2026-05-25 18:30:00,4573.44,4573.55,4566.86,4569.07,2599,5,0
2026-05-25 18:45:00,4569.07,4572.81,4568.85,4571.0,1752,5,0
2026-05-25 19:00:00,4571.0,4571.27,4568.66,4570.67,1915,5,0
2026-05-25 19:15:00,4570.67,4570.71,4568.14,4568.27,1205,5,0
2026-05-25 19:30:00,4568.27,4572.41,4568.04,4572.18,1612,5,0
2026-05-25 19:45:00,4572.18,4574.65,4570.95,4573.65,1631,5,0
2026-05-25 20:00:00,4573.65,4577.93,4573.51,4574.17,1762,5,0
2026-05-25 20:15:00,4574.17,4574.69,4570.37,4571.45,974,5,0
2026-05-25 20:30:00,4571.45,4571.5,4566.38,4566.82,929,5,0
2026-05-25 20:45:00,4566.82,4566.82,4563.4,4565.16,1406,5,0
2026-05-25 21:00:00,4565.16,4571.6,4564.48,4569.29,1238,5,0
2026-05-25 21:15:00,4569.29,4570.98,4567.45,4570.94,715,5,0
